cart_position,cart_velocity,pole_angle,pole_velocity,action,reward
1.4583744802725445,-1.280631030158776,-0.22059280564686926,-1.7915684097492353,0,1.0
-0.9014868833337366,1.34789560921676,0.21449295045724398,2.795783870243673,0,1.0
-4.613465060035277,1.258752059645837,-0.369143419999383,1.4191640505803367,1,1.0
-2.535547086344551,0.4305975832830855,-0.4018328964890186,-0.5145898376371107,0,1.0
3.15627178909825,-1.8509124438997406,0.24746956858798236,0.5043425906854573,1,1.0
-0.17401667346227612,2.9200197743433742,0.2623903405974765,1.6569688120869595,1,1.0
-2.4068074888854603,1.467643754514528,0.13995775929803728,0.838660400430749,1,1.0
-0.6700565554055986,-0.2733819503631154,0.2625768162775414,1.9583570249483495,1,1.0
-2.1948203456601356,-2.182024069847961,-0.015083104208907683,1.413428429535684,0,1.0
3.4413775641733535,-2.4639020008510513,-0.04034124223423574,-2.186215788922832,1,1.0
2.7644729529824863,1.2880645240039348,-0.4143302186074981,2.3437479363688016,1,1.0
3.134849815576789,-0.6927714981370006,-0.28104648536956445,-2.1850339376994707,1,1.0
-2.0290543296268084,-1.0166433186877548,0.07590748521237678,2.2817159805892873,0,1.0
-2.4434651760096417,-2.5246747684401214,-0.3294556778574598,0.05492166275903276,1,1.0
-3.7616176288745047,-2.881978876306122,-0.3187281873313464,-0.13902220047263647,0,1.0
2.445304582563587,-2.228438014341369,0.11920092348181205,2.761189366390864,0,1.0
-0.9565771957954583,-2.9170945942793685,0.11493270639836245,-1.8925944071528873,0,1.0
-2.730387137105263,2.3092737155810106,-0.24647176642584945,-2.413514525728214,1,1.0
3.7147503733986786,2.3140350458882306,0.3965631648719837,-2.129748016500839,0,1.0
1.5617057874945397,-0.546220417939038,-0.0029426043063061624,2.3458773757062126,0,1.0
1.8663875147766174,-0.8136155167477508,-0.25755301747070825,2.4082052121719713,1,1.0
3.9552479688095667,-0.6859306011672235,0.347996694336352,-2.2836547838633927,0,1.0
2.6826496287991937,-0.9018088448299024,-0.02822189224735444,1.2165879845706993,1,1.0
-2.7681712110195655,-1.263362239827466,-0.02647158688739798,1.2030963695259107,0,1.0
-4.475654996187205,2.378503000875824,-0.06358834054455004,-1.9673634218549463,1,1.0
-0.4486618969351177,2.6023379530813955,0.28608195012659016,2.5645664341964807,0,1.0
-3.4546665134851806,2.3030866873633355,0.38362986421912554,2.1437314139044226,1,1.0
-4.74558571806912,-2.3397028299262503,-0.07708392313459034,2.8588202452254388,1,1.0
3.8512397230944684,0.661292558917395,0.16485908800159194,1.7467515808814431,0,1.0
-0.14540232418235632,-2.9421481014284834,0.3704569358355572,-2.6609039474869203,1,1.0
3.5006349878777643,-1.8418971249354459,-0.299400365443332,-2.8589159050910435,0,1.0
0.8560718675564685,-1.9144481909338351,-0.28736777409381137,-2.355959443522867,0,1.0
-2.378881400936522,1.2746570964969504,0.1965102635233767,0.6926665588917,1,1.0
3.0773748985896106,-1.6595462523723912,0.015448668576708513,1.8538048006125152,1,1.0
-2.8380196581006762,1.395465063361927,0.2925789967924521,-0.7728934126069178,0,1.0
-1.1085210444382008,-1.7388997947985951,-0.3930589943451265,-1.437647628931196,0,1.0
2.7405795296942115,0.3172999767141409,-0.145030465741103,-2.787757109189844,0,1.0
2.849372570196052,-2.22630897515758,-0.3018629957274148,-0.7365788224422563,1,1.0
2.1866080944121498,-2.987503276042726,-0.05249859138898033,1.626483163975541,1,1.0
-3.506079634336741,-0.6502245818809715,0.11299363392715361,1.7019031756684964,0,1.0
1.9067362106933325,-2.32682865071192,0.29831044093083553,-1.1033560562785913,1,1.0
0.40056174823055013,-1.5102435645573804,0.1012153112741962,-2.1244689405875956,1,1.0
-2.5657080858872026,2.052130902813027,0.264549412860072,-0.5519052810872642,1,1.0
2.05303283901152,-2.6832073579210745,0.1979174747328995,-1.6517652252328927,1,1.0
3.884883145520136,-2.579754720735462,0.05910788559418617,-1.6294636607458426,0,1.0
1.034746936031703,1.8371079561788486,0.2526567817146785,1.9478968316196008,0,1.0
4.111508404988952,1.4586662827329135,-0.06369362889847435,-0.013481970253703679,0,1.0
2.0569641366103486,0.3031384964315027,0.21605404764316755,0.41363636470402243,0,1.0
-2.2466783040933747,0.8601818025181034,-0.11120132280487327,0.44860522369565814,1,1.0
-2.5069083316525993,2.2581609221300187,0.04803550217995223,-2.2189417939392406,1,1.0
0.12296875478443425,0.8141777042096043,-0.3417351574564363,-1.4176772461887066,1,1.0
0.4637864449998048,0.5797476359819536,-0.1097089414178723,-2.28651762863759,0,1.0
3.5098330163019797,-2.631040313321302,0.24579303708811656,2.748517401958166,0,1.0
2.4968154585654547,1.185109065353907,-0.20907549185656682,1.851169887133974,0,1.0
3.2005595853803728,-0.15652726548290685,0.04470669727426424,-2.068169404581716,1,1.0
-4.028349577634396,1.610139589972393,-0.10574668667141257,-2.0637755914528952,1,1.0
2.976656378081379,0.9477401581191915,0.1166521905296945,-1.6305233879780958,0,1.0
-3.893374619888132,0.505906752340711,0.2331804169610982,-2.362642917166836,1,1.0
1.926020979733651,1.4604495425351924,0.04978631418343077,-1.5633808288465596,1,1.0
-4.033655793530326,2.43800126680346,0.09550449588244042,1.3519061646256416,1,1.0
-1.359393242525989,-2.6764367342161544,0.042979736645519295,-0.25579741262568767,0,1.0
-0.6879027591548397,-1.8237030645915522,-0.4083085968942516,-0.5959170345582816,0,1.0
-4.007228756237592,-0.3580596793507791,-0.4143867780934985,0.014178220706837497,1,1.0
-0.4512255852077498,1.3036243656251534,-0.3295632094866492,0.7071882182107929,1,1.0
-3.8204937165614035,-1.500849424159056,-0.0009296109411693898,-1.2429041503889582,0,1.0
-2.028247896196182,1.7823057807547862,0.3091227339772938,-1.6359158006343886,1,1.0
-1.3154456593666888,-0.8071098697035985,-0.2998627470483273,-2.44455169640523,1,1.0
4.389847999947437,-0.08435703876577705,-0.31006009711101135,0.240941194402982,1,1.0
-1.6865558226141482,-0.944029249499482,0.38245380866695783,-2.7688060313444955,0,1.0
0.7519058416980258,1.4867667614413644,0.41682290606179156,-2.297208184426636,0,1.0
-2.2113294357391813,-0.7968411261695589,0.14269171282292298,-1.625204366108064,1,1.0
2.1812519842195073,0.08670577119550771,-0.09478227640415288,1.6297552165019162,0,1.0
-2.140492135949411,1.7219573527721952,0.1123492048696087,2.747309578444016,0,1.0
4.3676156177291725,-1.2704519593264407,-0.1898681945050495,-2.880588767027834,1,1.0
-1.061939644624319,2.210903312617309,0.3041547546168119,1.746886966948125,0,1.0
-1.6080011728055559,0.028210038405428683,-0.26616542799559506,-2.753289074136087,0,1.0
0.332196512918574,1.6253112738274194,-0.07708732227492315,2.7072455991423903,1,1.0
3.610683748969932,0.41006213534103164,-0.1958744523001749,0.23474249994423246,0,1.0
-4.706944743394426,0.9226408917815125,0.005320004651000021,1.0441470695750974,1,1.0
-0.17729640342479414,-0.4676664805864492,-0.1817801469950328,2.331525354481,0,1.0
-1.4179745199600755,-2.0150318172573707,-0.4016883730488955,-1.4375695845050822,0,1.0
-1.271646159685921,-2.4370980796886115,0.3893086679828269,0.5464274443515871,0,1.0
0.7214071327863438,0.28146190459254594,-0.3600517906846734,0.6687863761820418,0,1.0
4.547854130717824,-2.4963936190372102,-0.07972207069536974,-0.24091156875188968,1,1.0
3.5683832989556477,-0.43523646913010117,-0.37002044642850473,-2.94201406345905,0,1.0
3.444753149342959,1.4322749509829782,-0.11356721962373056,1.1662194636665406,0,1.0
0.7265543090408357,-0.9774850098732752,0.11318152270588838,-0.4121743051252844,0,1.0
-2.1001043854312926,0.6182897659434499,0.18630110926815485,-2.171683060104475,1,1.0
0.6378439584759228,-1.0508928906907935,0.1426618850868519,-2.5033077920991484,1,1.0
-1.107712929583128,-0.40878358255868985,0.14761831898466965,0.5859352136637423,0,1.0
1.2252139027309816,1.3661187377690904,-0.37204240671062866,-2.727268164890825,1,1.0
-2.8696437479014296,0.8168238480308094,-0.1386004135380854,0.43959106240500834,1,1.0
0.9392638291196285,1.3608923290702668,0.06760603578492591,-1.730089609193287,1,1.0
-1.98431703045638,0.26932797757672056,0.2545790898531974,0.1376252378719096,1,1.0
-3.8366658983992963,-1.0787966791736006,-0.19209594311302555,2.0903155586891966,0,1.0
-2.735090096580528,-1.6342773258247911,-0.12749199779826376,-0.004874436855801356,0,1.0
4.412559689208442,-1.5880877842253198,-0.015016039706897744,2.0017293393662436,1,1.0
-4.662014819279058,-0.024636683943837667,0.24322233020713596,-0.22497549711766318,1,1.0
-4.6897567513932215,2.1852056256411867,0.40342641746539815,-2.240488861962492,1,1.0
-3.8004619764096956,-2.9483113895970625,-0.1704256129669561,-0.19543063184023746,0,1.0
3.389566216414843,-0.7151240335780469,-0.4083891993086927,-2.484317738812755,1,1.0
0.11589849451866474,1.3538577763667634,-0.2601600001702442,0.4391436659012964,0,1.0
-2.4842681740194235,1.6007581927051904,0.039941964964048504,1.793793443759971,1,1.0
-1.7944490492383758,2.9155462298914454,0.3551449380294895,-0.13741378006788008,1,1.0
-3.631766176586437,-0.9514352901892753,-0.2822220744021352,1.6424587245411093,1,1.0
0.858293764125194,0.17285185738319875,-0.11659353757989777,-2.1002495185979955,0,1.0
1.9271537031016903,-0.49616515028025887,0.010180364386860374,0.43276570946970505,0,1.0
-4.316833994370605,1.3793507653637231,0.02700788790294517,0.09243660953320987,0,1.0
2.496532614337794,-1.671408448290573,-0.11274242720680844,-2.521186842667393,0,1.0
4.10004002541685,2.036879539136021,0.10908582537688988,2.6866651986815677,0,1.0
-2.850330792718306,2.1045748694259396,-0.09297114566367859,2.99395290890888,1,1.0
-0.07319260509773429,-0.009418270097636405,-0.08792059026846871,-0.2749075490895785,1,1.0
-2.9702412352991963,0.7199019737606207,-0.1265563977999069,2.8792026542758693,0,1.0
-2.527549095751509,-1.2861530905244096,0.12710101182558026,2.802390666842599,0,1.0
-2.2490772624659194,-2.0107873596232055,0.18471487143929205,-2.355214082541953,1,1.0
-4.348845566379515,-2.281718285253823,0.10627420307651297,-1.9678080813060008,0,1.0
-0.9480961497118701,-1.3242827137835331,-0.16272026755877178,-2.1875934216570663,0,1.0
0.6335579110118585,2.61691004817626,-0.03763065347426431,-2.021493354104666,0,1.0
-1.4337403824626485,1.2262751642922964,-0.09590070180355187,2.2995018326867545,0,1.0
0.11986828382184633,-2.2807562974373266,0.3753906050969377,-0.7992447768276278,1,1.0
1.5490157958005781,1.6750874668653708,-0.2146295074839239,0.5348118789552974,1,1.0
2.5497968602700016,-1.5354768397940017,0.029454347088714472,2.211430403127549,0,1.0
0.5901622116772689,1.422870612424024,-0.20964459723745887,1.750962017620492,0,1.0
-1.6626499253161344,-0.0016375255049876358,-0.2704115057202545,-2.378713672047674,0,1.0
3.993289838524894,0.1266851058409264,0.2631556994445066,1.9561448253149605,1,1.0
-1.525966915082373,1.28435600140764,-0.377317374434013,-0.5701507303966045,1,1.0
-3.076189124438166,2.3729542504339545,-0.18898443200172058,2.2367478985817772,1,1.0
1.1339940421507668,1.0770539701047763,-0.041007625532504366,-2.9138859053171786,0,1.0
1.168188567958648,1.067063504965824,0.15248727295805137,1.182607371142895,1,1.0
-2.819519363736146,-0.03694170187359269,0.23615145569616963,1.9554256629564346,0,1.0
-3.386608233589791,2.7653334808046797,-0.3151589452999223,-1.6716980586228987,1,1.0
2.040441991884668,-2.798136128022307,0.00406539315394705,2.606581718178602,1,1.0
-0.13522222073965828,-2.4902268521666366,0.17261182268055292,2.620488194188347,0,1.0
1.5742508327357463,2.1462957494847315,-0.3678650486313259,-0.5084503106923552,1,1.0
-2.332250206131466,0.6281322839742058,0.24907132003715066,-0.38010809649731403,1,1.0
3.9377715824209973,-1.4880751358551043,-0.11015842386663238,2.410523951927856,1,1.0
2.6803708555874852,2.474012031628977,0.36585330828330437,1.4993742734614628,1,1.0
2.90059985318773,-0.5130867143068691,0.3893063153365261,2.2939315688167197,0,1.0
-4.4891121642634575,0.21819900239724088,-0.03657342560141502,-1.4493234101295405,1,1.0
-4.411859884856793,0.9317469324094647,0.09071877472411766,-0.05369919184467209,1,1.0
2.695547648527868,2.093431447195747,-0.2674148842552476,1.1598187626114616,0,1.0
4.153085426396536,1.1873572899511284,0.39780383781301426,-2.4210166798786994,1,1.0
-0.008866366515272617,-1.6595977149519816,0.15359287691182305,0.9142806624987809,1,1.0
4.207803591109562,2.830375355574045,-0.06923854222253228,-2.8095118239527372,1,1.0
-0.4862525553043726,1.2407857456271278,-0.06043332495217524,-2.6772587710205458,0,1.0
-4.319275582415221,-2.7283239776204935,-0.0008426563022346789,2.3406144780971614,1,1.0
-0.9689055275836931,-1.2632912874869757,-0.30224046570030083,0.2377717866407303,1,1.0
2.4517070039071482,-0.9155789716141398,0.03324348039434388,1.8078549790152678,0,1.0
0.7458911471526388,2.2121257187386734,-0.056289874033758236,0.6552293874696646,1,1.0
-1.9501691174148155,0.004098132934728493,-0.21498869219411626,-2.516589781437996,1,1.0
4.345649408906662,-2.2853678528699604,0.3684066861650363,-0.5346022982559742,1,1.0
-0.5239265634931245,0.39043367588689204,0.35224218099479604,2.8615804591910186,0,1.0
-3.8026981366310606,-1.9773133785695576,-0.0347346152988785,1.857485594023001,1,1.0
0.17050702238811066,-2.5993918587788354,0.3661639308272235,-2.420044371844035,1,1.0
-4.376721153580355,1.8959512110683292,-0.01894784611757938,-0.9939701981674047,1,1.0
-4.039117230687939,0.6694517641677962,0.3692665332851724,-2.873673737784854,1,1.0
-1.0375175771198148,-1.4856897848038193,0.01961085500549259,1.2043759934193634,1,1.0
1.2883077874011741,0.1551423768133433,0.25712888657952143,1.2869848302482856,1,1.0
-3.783403539223598,-1.5377196917667324,0.31205579223675756,-0.8729052603420504,0,1.0
-4.249111691928766,-2.8865265779690725,0.10677721678316837,-0.06763098759295083,1,1.0
1.3751325909147099,-1.053589912366408,0.2694827414699659,2.646317221738224,1,1.0
-4.1729951452139185,0.2944636287907545,-0.29298700250645926,1.5898852716633085,0,1.0
3.8807118755838053,2.9199360411805566,-0.34754341658766585,-2.1924034630910274,0,1.0
4.748488259620941,1.7567399363082234,-0.27104951569367075,-0.8798201213666577,0,1.0
-0.5203008477673166,-1.6542113074133973,0.2971179964617721,1.557457996397404,0,1.0
4.5895888531953455,-2.040308852824203,-0.12030326171114608,0.8684768770510307,1,1.0
-1.4908718960833238,2.257873517740169,-0.09992838929064957,-0.6935293525318178,1,1.0
1.3748473938652896,-0.9200654449751084,0.17614873659324154,-0.13758990375291802,1,1.0
1.6532345998119151,0.9234396480744391,0.034858170059641314,2.329689379022035,0,1.0
0.09240775418049108,1.7251597813140291,0.3810190643239821,-1.011398936251244,1,1.0
2.066407130245416,-1.8027102780081672,0.4135084541973369,0.6052695680345694,1,1.0
-4.733300710145538,1.1291369201976469,-0.013799904829185472,2.897317373733407,0,1.0
-2.155495519627095,0.1141067809792462,-0.28227637732882604,-2.2575783418969237,0,1.0
-0.5697101838794261,-2.5432884624370278,-0.09682627770387764,1.3492214211139597,0,1.0
0.05756108737680066,-0.09070423974993869,0.3923127328121731,-1.27061305610146,1,1.0
3.0710868852288042,-0.3937434245774716,-0.2367011750628745,-2.8006974663401674,1,1.0
1.2304585563417048,-1.0684778463039966,-0.25558390038869777,-2.313798867364426,1,1.0
0.5603340941986783,1.2635669388636135,0.39471653943095913,-1.2255877972667943,1,1.0
-2.7962518271424277,0.08371960394608591,-0.15405798750924715,1.8336960472527588,1,1.0
-0.15339741279274222,-2.760726036236887,0.1501036308792017,-2.713690757357628,0,1.0
1.8075781123749728,-2.2063760893718087,0.013837865151075435,2.1375707203415795,0,1.0
-1.713668654430827,-1.7915786897058452,-0.27479762422889936,-1.4275983206242695,1,1.0
-2.6304035070711915,2.388239137862783,-0.0988710271940948,-1.050139529858217,1,1.0
0.6253117025977195,-0.8438036898709562,-0.27895507187979596,-2.3188473379957064,0,1.0
-2.0035651727560455,-0.0035219927138854246,0.07019279134321199,-0.18311310615687093,1,1.0
-2.4334642644858695,1.799115359856251,0.341371500935679,2.052667034195876,0,1.0
0.16879402334928528,0.30121080490753016,0.32882653564824976,2.834827477673751,0,1.0
3.4865602959989372,0.7086040882313687,0.18088665376326102,1.49300291368154,0,1.0
-1.035169603825289,1.5664143930155312,0.3388636036719073,0.994572911690482,0,1.0
-0.2402397874741844,1.7773560723827524,0.17002265245271259,-1.9748097116771781,1,1.0
-1.2717469101996395,1.6036667010679366,-0.41723738286438233,-2.549991491437186,1,1.0
3.322691051236407,1.0354798402583727,0.006597622720617369,-1.7148199142749894,1,1.0
1.962541182224597,-2.193823719967255,-0.14154139243859448,2.962313265256256,0,1.0
1.2659571483141603,2.750433855487472,-0.21559774986509214,1.1961378157845646,0,1.0
4.382569468739544,-1.533152373841891,0.22206047127454182,-1.257687970337733,0,1.0
-4.428161325648272,-1.6550390947936853,0.3769730125315797,-1.4489368570301462,1,1.0
2.46890641508113,-2.216165500395973,-0.3747991938453003,-2.366946470894554,1,1.0
1.1263893468783008,-2.2942173130383816,0.026009223109794588,-0.49709493733003063,0,1.0
2.2398189205249164,0.5165405356936708,-0.21167466442025154,-1.3649404257400624,0,1.0
2.743540031365466,-0.4212885639493944,-0.14382472525457007,1.3090191630593688,0,1.0
0.4497051686097535,1.245620482903405,-0.3776240783066725,0.6824930039795811,0,1.0
3.235649850758713,2.542660251334347,-0.35924977868390895,1.8578892157547866,1,1.0
3.2299164078741684,-0.5169630676831716,-0.30648536074590593,-2.4721938203278713,0,1.0
4.579621636400424,-1.4764624903303363,0.2684049389060616,-2.320751086020276,1,1.0
4.537534300089752,2.043609766886587,0.17972723320143363,-2.5615957758612806,1,1.0
-3.549652977336602,-0.24247539708798493,-0.07150721380628072,1.8699298967562363,1,1.0
-2.086832780055039,-1.2049691735820156,-0.22276286383675137,2.252885170724994,0,1.0
-0.9600181827800984,1.9647958854353842,0.3671024404992101,2.7047364463659163,1,1.0
-3.7496368782401475,-1.4057129829494572,0.050027374443688266,-1.1796415062675403,1,1.0
0.3990528368884716,0.4115050004124816,2.4052940350016705e-06,1.5968974130467695,1,1.0
-2.9917591758221684,-2.601171925501951,-0.02807063425539158,-0.2069361445191582,0,1.0
3.8015392644841883,-0.4355534367629872,-0.40848473599162444,-2.3382972730623752,1,1.0
0.902058136671978,0.37541988981596663,0.1670951771702604,0.8422564231266874,1,1.0
-2.9265288803900873,-0.28315119359029683,-0.2596878778603914,-0.7554514305968594,0,1.0
-3.29744713829981,-1.0045017911261434,0.36708099677794254,-1.3493027217270084,1,1.0
4.098073707753225,-1.801816841228256,-0.04023276036730028,2.5209449231553487,1,1.0
-0.55076539659271,1.8917877766750175,0.12597922264012168,-0.540650013869195,1,1.0
1.2672377844564515,2.23685771494213,-0.38189149306949177,2.43731371195636,0,1.0
1.4640411817995487,1.818178523073704,0.4050086228085012,-2.6235707980467327,1,1.0
2.9034871427400146,-2.692818684629487,0.3622875094858076,-2.7278622529700787,1,1.0
0.07438482424866422,-2.705419123849001,0.19203284894776734,-0.6867789745053843,1,1.0
0.7453736777931166,-1.399519450753393,0.17577831626958657,-0.7860718781727618,1,1.0
-4.161537790686233,0.9305685107745703,0.0579706264536447,-1.976453933731844,1,1.0
-2.070469995130687,-0.29702349216390145,-0.34147513801339935,-1.2518641873259644,0,1.0
-3.8041915278930865,-2.88114286915311,-0.25086250542328337,0.9396403371212472,0,1.0
-4.309879922116953,-0.9208653080893336,-0.27636970480523637,-2.772027998274557,1,1.0
2.818441899032372,1.4730073058281814,-0.20283154786040944,-0.7867176616702642,1,1.0
-0.028434726599714466,0.9567132356129058,-0.103584321232922,-1.2605095201523262,1,1.0
-4.308220073408862,0.9249594327362671,-0.17479494238671023,-2.1176695921874766,1,1.0
-2.181932119470379,2.7913940135042603,0.3638107893383931,0.3873172907399298,0,1.0
-3.489603596830821,-0.13241299227364145,-0.3910457334291084,-0.6127751415509839,0,1.0
-3.6414360377323347,-2.8282748590108744,-0.32169865746427057,-0.9619504315141256,1,1.0
0.566287773598873,0.45598351129652137,-0.14280368278491712,2.3900328599437906,1,1.0
1.2217383893881868,0.10654592660494933,0.1387394938413981,2.9184314532614675,0,1.0
-1.6056674710116225,1.236982030889406,-0.2507149168955425,0.2932284415386799,0,1.0
-3.81864241343287,-1.5340324062039885,-0.3214506876691424,-0.12501810904942,0,1.0
-4.236459919906358,-0.7425205053970418,0.27293390101450304,-0.10246637761746324,1,1.0
1.9024198181311087,-2.0623359679636506,0.11514376483895011,-2.601038834159884,0,1.0
-1.7538447273883873,-0.8446594291547083,-0.18763723540359256,0.547443299040975,0,1.0
1.5378797738580987,-2.408903292339564,-0.17544307706947873,0.17926035772441873,0,1.0
3.573088514280445,-1.551230899040847,-0.3162635428220901,-0.034947837210164145,0,1.0
2.2838240332415696,1.7083027124707382,0.17566425539046898,1.1723874558381162,0,1.0
4.4231921656907085,0.07263359209254716,0.1816632431266892,1.5882482585072566,1,1.0
-4.197418208620353,2.717744238561713,0.31902873791097136,-1.0198413855185098,0,1.0
2.9344793601014434,-1.778954662983682,0.209439732639443,1.1100414126986635,1,1.0
2.5362681125641906,2.0882291458065847,0.4170147660257632,-2.8254668874664857,1,1.0
1.8536092789778893,2.6892499509040437,0.23701726605031453,-1.7295580741476828,1,1.0
-1.6563025842374355,2.9518981277868104,0.3364158723588883,2.468794992754903,0,1.0
-2.374738283490013,-1.9976616653329011,-0.10446986109052309,1.4748162398819806,1,1.0
-4.759328293185788,1.0301584105491726,0.008499349509261123,2.870092719139693,1,1.0
-0.5348567934463233,-2.509199763778027,0.31346401607559954,2.3419367845112067,1,1.0
2.3391516507758077,-2.7016331131858076,-0.33786873427706365,2.1418344646676513,0,1.0
-0.0008240993446388956,1.2491472258283958,0.22729359684886113,-2.882402464843242,1,1.0
3.942276804679417,-2.32841204806882,0.038923788155033945,-2.3733570652301403,0,1.0
3.086278383892421,1.6069390260409726,-0.33097499181095874,2.32963525596299,1,1.0
0.13086977384396636,-2.4365691173946455,-0.09416207630049112,1.9234123573127473,1,1.0
-0.643457700348943,-0.06685245969252751,-0.16660436793480304,1.3141096413385744,1,1.0
-0.8102186836048317,-0.516077963100829,0.133133104902125,-0.9761952069786162,1,1.0
2.6364701961530317,2.4261694882038203,-0.20756727769864788,-2.7057962622064027,0,1.0
-2.990267920234407,-1.6088666111952643,-0.11495571790012482,2.3764873853730304,0,1.0
-3.9202799992512833,-1.4144176956749934,-0.22457029949883864,-2.2214410267364033,0,1.0
1.1639230702494254,-0.4517380410476983,-0.3562327278033677,-2.8953186191257076,0,1.0
4.101070477019831,-2.1389147000806634,0.17851593484507694,0.03137317656886385,0,1.0
1.883094935300483,0.8788281371330933,-0.3060251244200002,2.2773522858132154,1,1.0
-1.991818211775958,-0.024398705921068853,-0.2845272748760247,2.686136357074856,0,1.0
3.4344282324881794,-0.07789123576264867,-0.32905306562910547,-1.9424107572106382,0,1.0
0.12777755527313328,-1.8181677517675578,0.2441035749021026,2.3671601600413963,0,1.0
1.6997184235624712,1.3048065826190003,-0.2165482751741408,0.5437198588333332,0,1.0
2.034044154239317,0.8980752264380478,0.36271465864667746,-1.0633917319867021,0,1.0
-0.6356892958129343,-2.289867166897077,-0.2780010065601377,-0.22308466834651774,1,1.0
1.535937094124808,-1.132193039230188,-0.13617458269243854,2.7496936018708267,1,1.0
3.8428212090229303,2.9979623054030293,0.22970879394769145,-0.7853446008754439,0,1.0
-3.701538663822237,-1.9886342567030257,0.3703798584407271,-2.228869363377588,0,1.0
-3.1298714975193445,2.1749399597064807,0.01581566587565597,-2.2042960036565056,0,1.0
4.039372079501022,1.0685629776359056,-0.11581029412703508,1.5254661091579456,1,1.0
2.377299041039034,1.6200264012548313,-0.024065240769335028,-1.1728162968359828,0,1.0
2.4784085483149445,1.4523782960597647,0.332877295424769,-0.6388091434183618,1,1.0
2.010416756378069,1.2808930766207451,0.33001392795158563,-2.799674918917136,1,1.0
0.09749054248731248,-2.746616674814848,-0.13443522948844844,0.05679053346230667,0,1.0
-2.3346351146709066,-1.0888531166628015,0.3217646176412367,-0.5267904257186151,1,1.0
2.0590606850252495,1.4209964319569028,-0.3238915600752072,-1.986202547992584,1,1.0
-2.782538087176075,-1.9152789241087533,0.06759106133456888,1.7822279424140488,0,1.0
-4.209787576885208,-1.3909143990687247,0.0263789501672822,1.5151102528449627,0,1.0
-1.3316048129746405,-0.7146963686893706,0.1961777953819323,0.6958456458810676,1,1.0
4.713236450578022,1.647467677292192,-0.2081671482455034,0.6043161694665073,1,1.0
4.38589773419461,2.3261772429257492,-0.3937533511541775,-1.6859464986688941,0,1.0
-4.5999994901518795,-2.546993199729413,-0.01515097272668936,1.2653827523025027,0,1.0
2.4787151662509688,-2.6501536199445583,0.22649250413468475,0.17039233153278,1,1.0
-4.245306780115695,-0.5805615355768312,0.06745578968291505,1.3477717711424093,0,1.0
1.1099049420452944,-1.648897042506263,-0.02276875007913931,1.0353121027584224,0,1.0
0.2645261570673654,1.3328052760998448,-0.19835699361099915,-2.755862194735474,0,1.0
-3.977730810446479,1.3880032589819713,0.2755009697394752,-2.5390722935172025,0,1.0
1.9391711094618618,-1.603830989373705,-0.08147442416013811,-2.0343548862623857,0,1.0
-2.221681089958324,0.28936661426238164,0.23699532351321467,0.1897335464420773,1,1.0
4.438617288314185,1.5739150292652129,0.14957894601228722,2.017173514742031,0,1.0
3.971233438435781,2.596948781218713,0.31409059624599794,0.5847130429288789,0,1.0
2.4065543398751013,0.20080996985509092,0.31860485868764515,-0.667499335044603,0,1.0
4.3266389753323855,2.923635887069339,-0.022466999536472243,-1.1088402546817444,0,1.0
4.653111476669706,2.663143037303657,0.23609773011266683,2.754761709355064,0,1.0
0.20821562635338253,-1.0878023227092244,0.35871270047934595,2.792652376978264,1,1.0
-1.2720419845464872,-2.7323847027012698,-0.41210465504813554,-1.9756066639928411,1,1.0
4.235591534533287,2.806359429386746,-0.3289051384025871,0.4017445410814746,1,1.0
0.04412061076804363,-2.5333065179707104,0.077452182818047,-1.5073149485990744,1,1.0
3.792286821514179,1.8484496388922782,0.2214737321016405,-0.27431125536019785,0,1.0
-4.249219565833342,-2.938989754225502,-0.24192535846984392,1.0574488074996813,1,1.0
3.784634498547736,-2.150023779704611,0.1356391176869391,1.0696538447973483,0,1.0
-2.8384438379256944,-1.0276228063275865,0.22019860402255603,-2.9952521538222894,0,1.0
2.2467052306379562,-1.1779622604517916,0.35200717060872627,-0.035537826639682635,1,1.0
-1.1049789458107675,-1.799784722608541,0.32593046268594134,-2.7816036928205494,0,1.0
-3.6093826304500096,2.317099119099163,0.3242996747170364,2.893423660393358,0,1.0
0.8765161478063668,2.7897843052979177,-0.09172457934868455,2.951685296577975,1,1.0
4.737531766458733,2.7075030137867557,-0.17154076469088342,-2.3972290256498727,0,1.0
-2.2425092034772276,1.8376853936500428,0.037295488091102225,2.0054420997276967,1,1.0
-4.647828255613598,2.5967827452859806,-0.014621825904348906,0.2763113337190699,1,1.0
3.9850066105589663,-2.2827527278996143,-0.3636653947082772,1.1832840326082241,1,1.0
0.7338558920046285,-1.3425550370461092,0.0726435198061553,-2.533654283156686,1,1.0
-4.1904402315926,-0.5780789205736911,-0.07726901408789671,-1.7797273359126833,1,1.0
-0.9541974178097581,0.2475842513923694,-0.055659413305620964,1.4980276074426913,1,1.0
3.328339277386294,2.1844005674603197,-0.2603310255272606,1.8991986366778573,1,1.0
3.006710699883887,1.8705399899762245,0.17616334475688117,-0.9527526698768973,0,1.0
-4.206337095741063,-0.69542364374567,-0.24274828434654283,-0.1595162274504327,0,1.0
0.3330987967654604,0.7902075933913721,-0.38826734146614433,1.262745946653017,1,1.0
4.75054520030815,-0.3204290500100835,-0.39845938426484656,0.5314402331712476,1,1.0
4.454187634215796,2.996787221617285,0.2415905037447909,-1.9143139743516928,0,1.0
2.496609694161476,-0.7335412888720754,-0.18318631921939152,1.0218703062663854,0,1.0
-3.7495637334952985,-1.2401986944271481,0.017330801141578145,-1.6218467225378659,1,1.0
3.8769825353027985,-2.839104440935134,-0.28154519900676567,-1.802373485396737,1,1.0
-2.17808477108536,-0.9862487501801454,-0.04621368872735365,-0.3761964779944207,0,1.0
1.5851838164773229,2.460699778936535,-0.1951954071893354,1.5674239471647482,1,1.0
-0.3282349288342852,-2.2198867195971976,0.05113305629174275,0.3746600217897367,0,1.0
0.1906825411254518,2.0384396470208728,0.1847967125140189,-2.0014368504841418,0,1.0
0.1616776540550955,-2.872714255244027,0.18502872717565338,2.4747004922299496,0,1.0
4.271921705483012,0.9721586246965668,-0.3467457583633953,2.267050176835645,1,1.0
3.8285690870574642,-2.103641729091777,0.3896665530467695,-2.1760103880462696,0,1.0
4.601464793873421,-2.4503962799636017,0.14411279210279443,2.4268671285696026,1,1.0
0.12108596024430618,-1.325168218638592,0.3656350689010612,1.7845279299830024,1,1.0
1.1135899621372403,1.989558343521323,-0.08463497869440134,1.940631443506339,1,1.0
4.605993458356868,2.7538403257896373,0.1270926079127483,1.418683236574978,1,1.0
2.6643880396625566,-0.5020843359675409,-0.18614580043532308,0.9247527904782533,1,1.0
2.412213347999595,1.0086007090368083,-0.06267363130850212,1.0052343672959045,0,1.0
-4.382570373351719,2.6248125452442546,0.01709814258367276,-2.3751526343216507,1,1.0
1.147967404867913,-1.293455154366173,-0.11542682556310097,1.4023597181967453,0,1.0
2.8610619504359205,-0.22049785447191272,0.24336517858335566,-0.7709795484008017,0,1.0
1.9375308489769196,0.24048399406094,-0.36776789203004423,0.3714718287512495,0,1.0
0.5507975134049596,0.851150548482484,0.14549553894774375,-0.5130085208892101,0,1.0
0.1566036832471438,-2.5294737175612525,0.25394314902557297,1.630039268181986,1,1.0
-1.2314678093125404,-2.319564394742497,-0.032341010162664885,0.2316503525412763,0,1.0
3.8739677711207703,0.17223654367564256,0.22534396276626018,2.419307215826195,1,1.0
0.07949818581133883,0.3680099641961494,0.13163753961940167,2.5141432935552697,0,1.0
-2.3349984319134043,2.768260815066264,0.1596607155500998,-2.7437638290331243,0,1.0
-4.632684033780921,-1.4443738740657834,-0.004219096957018997,2.6715247410702547,0,1.0
0.19528923626264127,2.9889712886590543,-0.36296797736782993,1.4294271782632935,1,1.0
4.636624621890797,1.5527220481862969,-0.00927130090501499,-2.828436766882678,0,1.0
-2.5018825840812564,1.2365121009821625,-0.20850961444355082,-2.8556568496734602,0,1.0
-1.9841773003832985,1.2191541068442975,0.1175041252985835,2.7936648239307402,1,1.0
2.56374773599582,-2.2452570689790052,-0.3316468540236565,2.7792491976896603,1,1.0
3.0999333780889557,1.5152163640770642,-0.1885252099147748,-1.1056227552215585,0,1.0
2.3190115854254074,0.9021624343109371,-0.014043468424013328,1.9956639686729547,1,1.0
4.675578914981258,1.1758908786436564,0.1489468856175205,2.534533997975906,1,1.0
-2.6970798545486296,-2.3581919280489125,-0.19571451401849643,0.37681199067057936,1,1.0
3.4224807292432358,1.1870477846205576,-0.3046013181549826,0.15413070966833464,0,1.0
3.4702799597543583,0.29335352615273,0.0023331815373368037,-1.528005696773284,1,1.0
-4.727504827552833,1.688884024954941,0.1559007539561978,-0.09281866165922992,1,1.0
-4.739076445725478,1.3598295220907124,-0.22951051719043042,-1.4323750918519367,0,1.0
-0.38881550024255773,2.309096757709745,-0.24747542186562976,-1.8391038230588161,0,1.0
-4.771795902142183,-2.111300596400646,-0.14314497952496835,-0.12323365391959928,1,1.0
-0.31956343789780917,-1.0636624785074138,0.2805759611294227,-0.0281872491183206,0,1.0
-0.8000798444793764,-0.5242316708844328,0.21679065561234795,2.520726547933439,1,1.0
-3.2480106437216696,0.5776713058068568,0.1582439292557189,1.2211376971534333,1,1.0
1.9015303069399785,-2.6224184870614105,-0.40400684647220503,0.3288288072180374,1,1.0
0.5526327370250463,0.40922789157591044,0.02041594788605966,-0.8959429610796033,1,1.0
2.8902105264353173,0.7608956060564491,-0.14609395817189547,-0.3261956974708218,0,1.0
3.974707631264235,-0.6167991568185154,-0.07116375030669891,-2.4859318621709203,1,1.0
-2.749504998089803,-1.9602318059879387,-0.09767751936292174,2.3520006189573124,0,1.0
-2.337287509738472,-2.6907686219963116,0.1722815227393884,-0.5007751215965959,0,1.0
-0.15344073661431512,2.55458287391982,-0.3072113716644558,-2.769676279878001,0,1.0
-1.1591733646553641,2.486007214520657,0.3386141755401219,-2.838525884480672,0,1.0
-0.03633493018319456,0.48848190381686596,0.1669411388955841,-2.16779133985407,1,1.0
-4.051706358495674,-1.3236698823871145,0.27105379036982874,1.1395115354459424,1,1.0
-2.3422296974266072,-2.474209193584093,0.3669746843774005,1.305231316026723,1,1.0
-3.676795966857932,-2.2795220930960696,0.3958234179981603,-2.8412081984495168,0,1.0
-4.244137112920834,-0.8294483159037012,-0.09364008244460159,-1.6371400770418674,0,1.0
4.095764755383784,2.79347510082047,0.4061467096051837,-1.3327291273783877,1,1.0
-2.0841795364638966,-0.7700413076513679,-0.309381579502648,-0.5543905754421905,1,1.0
0.3850562005154359,2.3658593220780135,0.2006199803427216,-2.402986708623872,1,1.0
4.55246185853536,0.8075867855658396,0.10115025395100702,-2.463041110381586,0,1.0
0.7657471814975443,-1.6278488302926253,0.15958068086286287,2.6390593668373317,0,1.0
4.246448666564727,-1.8070380508089505,-0.0009162983604893427,1.2593139686608943,1,1.0
1.7761568974393835,2.0151601554913663,0.28295400068824655,2.0005987093621,0,1.0
-1.7870129469128302,-2.2849648366003565,0.4113979519294743,2.6876813321501984,1,1.0
-3.1184604249119205,1.158259908866091,0.3744100672896415,0.18429940068426331,1,1.0
1.055620823852684,-1.4003894416259146,-0.355633701534718,-0.8804784612971188,1,1.0
3.030030609705081,0.8937489409358523,-0.019148088808175256,2.0585773729169032,1,1.0
2.9004174821635607,-1.3137839637936677,-0.1332917970163569,1.6089375808116433,0,1.0
3.3607311929983714,-2.361668649924742,0.08249275590052335,0.6694768259211403,1,1.0
-0.48422524953487134,0.9980059153766838,-0.36833310768942196,0.6943616777521924,0,1.0
-3.2421288901567813,1.952125547875096,-0.23170664010387537,-2.496562496456363,1,1.0
3.0152707881473644,-2.7641677230247095,-0.317648948407567,-2.3937565336029003,0,1.0
2.192220609729774,-1.5026728464742665,-0.1856620609968015,1.127577029530233,1,1.0
4.029872164284279,-0.276824188122081,0.018879440327752406,-0.3622435551301173,0,1.0
-3.197353574906969,-0.8700799564984107,-0.16326799388587032,-2.370317595379999,0,1.0
1.6726550030265663,1.163804977799936,-0.2527406844075002,-1.7086271569991198,0,1.0
0.45710741731576654,-2.773679683676606,0.4163341393710324,2.236844291579973,0,1.0
-3.214887080326517,2.8211347271330443,-0.25386541292397224,1.5391738422797694,1,1.0
-3.799894652448602,-1.850676945300388,-0.08435321904468629,0.9792333109111335,0,1.0
-3.095767568952705,-0.39000637057317,0.014125100630680731,-2.198990331857922,1,1.0
1.5240353963417848,1.0884819625735656,-0.34187321946271393,-1.8568045880321935,1,1.0
-4.200279241234836,1.296024423913062,-0.4014286991176454,2.754532962588426,0,1.0
3.877441797989296,2.6811100471798834,0.134367487364711,0.00763026156145985,0,1.0
2.6337782992741428,1.5534641811237355,0.17001778921388128,1.0705722503427957,1,1.0
-1.248754946228058,1.049163199792999,0.3720440486842875,1.2383985251915997,1,1.0
3.0907356217465205,0.7276874513750653,-0.0902702714421153,0.5480205916013174,1,1.0
-3.818187459919229,-1.0266776196497112,-0.27713578828531704,2.4906223810768413,0,1.0
-1.8101067270372724,-2.6889080932424805,0.20442794746133747,-1.3154669021215257,1,1.0
3.932737198639688,-2.851686636813495,-0.08634041959820171,1.7083894447026484,0,1.0
1.842149891849207,-2.0627112148149207,-0.22359580657470896,-1.0252239137113428,0,1.0
-0.8126299542361783,-2.437707748772269,0.03298625995784271,1.496372759245891,1,1.0
-2.8975536653803573,0.01867082485223559,0.30183395976288546,0.32415474976214576,0,1.0
-0.10835196872745367,-2.9147332943435256,0.2863833716262449,1.7468541593493763,0,1.0
3.4693849865390805,-1.740238533425763,-0.39272245892014196,-0.4870117835872598,0,1.0
3.007793087002093,2.613011658623426,-0.39622301503314433,-1.6978934071826621,0,1.0
0.08932799851048223,-1.5750707378435018,-0.2183285875219536,2.124694175180821,1,1.0
-3.014635120606962,-2.2838986528676557,-0.35707757502846554,-1.5093380454043526,1,1.0
1.3888010345095765,-1.8395266233782372,-0.3959263503046533,0.2378501276648466,0,1.0
2.5903665457627625,2.0548539412538,-0.4111640253790979,-2.315187739830317,0,1.0
-4.581912480306971,1.981173739511834,0.20005000414698565,-1.43268280132233,1,1.0
1.0225909524729486,1.9447874801531677,-0.17194391125753,-1.6362654305501243,1,1.0
3.691437907704562,-1.1275731130182547,0.35157338443174607,2.3881584889378873,1,1.0
-1.0308103505572186,2.2021313076474023,-0.38731520917590145,2.3490540304340524,0,1.0
4.290547995389523,-1.2610793989165825,0.08324186868409894,2.2161577156996497,0,1.0
2.391629305328385,0.18479938797430284,-0.03936883376160166,-0.7258963911369949,0,1.0
-3.5482872642900274,2.0399799162758505,-0.29014073620780495,0.9870317020781805,1,1.0
0.15321485739289553,1.228635523148614,-0.17729941351420123,0.7576805894970651,0,1.0
-3.595167784245967,2.6114930045218134,0.2241908455466563,1.670681302646699,0,1.0
-2.7586432355052666,0.8021381611761624,0.11926225615342329,-2.3687684410164254,1,1.0
-3.4403568467750665,-0.5462369129581903,-0.16119916161592418,2.4192308632549313,0,1.0
-2.7023207025147613,0.09420926923745832,-0.38915282698311604,2.559463483655537,1,1.0
0.9996036408173037,2.695292501107427,0.4163001116168746,1.8100035154799734,1,1.0
1.62767275865356,1.6546030125680122,0.07837475577334369,2.418049522207891,1,1.0
2.5229946343890175,-0.16093905806297748,-0.3914262970289543,-1.9775530627687383,1,1.0
-3.6344161857402826,-0.6326124961295161,-0.12646220375437262,-1.9490775850783777,1,1.0
4.699516792526354,-0.3213446259250974,0.012636204254588945,-1.8777766838530012,0,1.0
1.4877067478767394,-2.068369365760632,-0.07408531528509726,-1.4512934776650626,1,1.0
-4.766366203044312,-0.006076888859831708,0.26281841246528465,-2.815034165091773,1,1.0
-1.4005213291910086,-1.5297243566561367,-0.1386944663979665,-2.1269949848982215,0,1.0
1.9962322727873403,2.2545093722650424,-0.041781650558273264,-1.2075070067936036,1,1.0
-1.2697741638384432,0.4707843193161554,-0.31567976347650484,2.033702526812278,0,1.0
-3.47978044835616,-2.861114035994998,0.15254329035031716,-2.818210008022449,0,1.0
-3.0476567651872233,2.5582150030799236,-0.047441920097243184,-2.7121636551531103,1,1.0
3.985120302214349,-2.5146812280674617,-0.2617812894267134,-2.379220282999727,0,1.0
-1.6506030071864108,-1.6972484567318247,0.08404389303426835,1.103016613774603,1,1.0
0.017259065277484886,-1.5615776079420973,-0.3659086793940429,-2.3349776709908685,0,1.0
-1.9455534756138708,-0.6344099115638056,-0.39700380103541766,-0.18267813769472863,0,1.0
-4.385858401104163,1.973638276407753,0.3439562335679999,-1.1451550855445136,0,1.0
2.4960560395820615,-2.394705108323457,0.2275145190840337,-0.37184424344907363,1,1.0
-3.4952234012692296,-0.31537426735558416,-0.3289894538092381,1.6887255013998246,1,1.0
-1.5951695488790452,2.8803912792496664,-0.12577565736348084,-1.046706294594846,0,1.0
-4.08586457589828,0.589860840629834,0.01762372073499724,-2.144439007069457,1,1.0
3.622055447544871,0.05083153806358176,-0.06256579582836708,-2.5389177777384355,1,1.0
-2.3280672794817794,1.906474665784204,-0.2204836413668621,2.591289446236054,1,1.0
3.7228155566067356,-2.9400939328769145,0.2628956517236562,-0.18172243950730316,1,1.0
-0.25510143133879115,-0.2570035947058704,-0.33235706283411903,-1.3256826160525057,0,1.0
-0.4136374765768007,2.388507106984398,-0.2903673359401734,-2.829119720606422,0,1.0
-3.643579298927939,2.44827757839413,0.05812780803196271,0.28499711624477797,1,1.0
-1.7305858689283138,-2.678910005124914,-0.034850998526455734,-2.173643856701582,0,1.0
-2.863243610590633,-2.8008377271640774,-0.06344589685501839,2.907222323765345,0,1.0
3.3292734364492658,0.7677726803298084,0.3516966095712826,-0.1801148775191308,0,1.0
-0.6223244127114285,0.006609308608804376,-0.18055481262043657,-1.674568486013926,0,1.0
2.74603505775195,0.5435079489755354,0.39333372423299323,1.872752190183876,0,1.0
-1.8013553173604762,-2.3879883450569457,-0.4036437959342526,1.9481761200448968,0,1.0
2.634803289068305,-2.7079784969949845,0.2328068602976237,-2.3568268137100787,1,1.0
2.224377568808583,-2.165729651658104,0.28876282923469615,2.5106191378716156,0,1.0
1.5194957881455888,2.19302324993588,0.35664632100289356,-1.9813256055985304,1,1.0
3.462313496411313,0.7723621024687022,0.4012640783818943,0.6088088718798659,0,1.0
-2.169713874940679,0.3259228547483013,-0.10096233410866967,1.4276116829221301,1,1.0
-3.937047064147448,1.0114246378013565,-0.27680456572473233,-1.9947336095519657,1,1.0
0.5150027393287662,-1.6359190094542497,-0.3837797824207144,1.5994392959347463,1,1.0
1.8746027876417406,-2.1326495172857687,-0.26452374572400356,0.10275176509423467,1,1.0
-2.728365666849499,-0.7449018755572778,0.27119080731018047,0.4971846393204542,1,1.0
2.2952097404605194,-1.8060411897070194,-0.23310805785271643,2.7122444432887685,0,1.0
4.249210647881793,2.218732056062052,-0.08467592893952519,-1.0929004536489952,0,1.0
1.0337479712965214,1.741620531307432,-0.3265333849833153,0.09690413470694281,1,1.0
-0.5908920677549512,1.5351988175031446,0.23178143524450606,-0.894470261604666,0,1.0
0.28399048660783244,2.060284036181348,0.31456259354168775,0.326448537313488,1,1.0
4.07333277448011,-0.5091570120092102,-0.21988064313843858,-0.6062530562658708,0,1.0
-1.4859394043962353,1.098850816809347,-0.15706076359939247,1.6183331651610837,0,1.0
-0.19154899240487389,0.7083425655487838,0.3549415111717927,-2.4461424804265066,0,1.0
-0.08737466227879942,2.243848239409971,0.10384290002514934,-2.255220090463353,0,1.0
4.398625822720484,-0.003938259083530404,0.37086210871790065,0.9889962244487132,1,1.0
-2.4189695466340577,0.7905463813460667,-0.2649396889678505,2.3221700704507695,1,1.0
3.0759356007776377,-0.8371971478650257,-0.18335360371402298,1.6813504028408133,0,1.0
3.4688143976795986,-2.139106026584578,0.36177996759100023,0.34705112761248813,0,1.0
-0.056891396131742766,-2.9397261019081773,-0.040375754841881495,-1.2106552159322643,0,1.0
0.3963268495831054,-0.35380584516628044,-0.22057622873747176,-0.027131393006055937,0,1.0
-0.23653000378497602,-1.588342495020472,0.20390355565724777,-1.832217367175585,1,1.0
-2.2010112460771647,-1.5784005154439482,-0.32417595170568797,-1.5483866532695125,0,1.0
-3.757464038362386,-1.2305350885067812,0.2591018527304311,0.2471486790005759,1,1.0
-1.4267459621643592,-1.757943201781733,0.045530398696836116,2.034871364919142,0,1.0
-2.782141570904534,-0.5687909344858912,0.13936977888279284,-1.9728989296330222,0,1.0
0.0119059341458847,0.8075380820205549,-0.1571522515950386,1.7216198209621876,1,1.0
-1.1014596557447547,-1.760781224989555,-0.037856506209291596,2.606902532959726,1,1.0
-0.11929243950258339,0.5655640459783271,0.2110091208908232,-0.49143791125332115,1,1.0
-4.260200802796349,-1.6084430724306082,0.0603734625631428,-2.3614438303225884,0,1.0
-1.0276133544421966,0.6640286147538439,-0.07300670330606812,-1.3660724841129352,0,1.0
-3.909583643991577,2.5945480829831125,0.1656622067980656,0.34652924056410317,0,1.0
-1.896277271185315,0.3559242801286988,0.3006675582439378,-2.2577811328384887,0,1.0
4.586587543093775,-0.8709124164538324,0.35243288919723775,-2.6777034021479027,0,1.0
-0.1734965516938516,1.093501796503097,0.3982950023450416,-1.4480405273572878,1,1.0
-1.2944179556290574,0.21996689254222446,0.23881275760580517,0.983528315596609,1,1.0
1.409704930694196,-1.4075370107511254,-0.089219756633863,-0.14049830000198016,1,1.0
2.176197933517977,0.8432507479244618,0.14326878408696037,0.8875669940195388,1,1.0
4.777256053182682,-1.2687376933028092,-0.40093240349929254,0.13215270030111714,1,1.0
-2.317501933084754,1.976299020592096,-0.024812240372904526,0.7440642325693347,1,1.0
-1.8317812209774864,-1.3828387369151145,-0.24681784786944158,-1.0337700415630162,1,1.0
-2.062997564343184,2.6629126058246175,-0.02440677826062493,-0.5961055681222831,0,1.0
3.2548138835584384,1.447401773636786,0.28588220189242614,-1.8938876755112277,0,1.0
-0.7227975469738963,-0.04862134251657757,-0.12471615623915933,2.1718414914482373,0,1.0
0.6771319738520898,0.40769320676447096,-0.09336688314391622,0.7069319632010873,0,1.0
-2.838827179352708,-2.2060973160739206,0.13958225604711888,0.9438658081936944,0,1.0
-2.284700634757053,1.428797409031631,0.0732372775499166,1.8757296699062813,0,1.0
1.3533886274865523,-1.1238955547973095,0.05857882599455927,-0.8587735924587103,1,1.0
-3.822617803801556,0.7449003777445853,0.36473306226643937,-2.9355203222708157,0,1.0
1.966871775688821,-2.371559354738373,-0.12588294320236515,1.0064475218051863,1,1.0
-4.182794133080093,1.0185255541717604,0.26491064152299854,-2.8516846781537333,0,1.0
-2.3329933667698537,2.9849361656550695,-0.1923097112024482,-1.0094936604058844,1,1.0
-1.912870434582088,-0.662942647216326,0.3810355669352064,2.9318995175964933,1,1.0
-3.281021574627853,-0.006198530129809754,-0.3992937902025288,-1.2874556664982617,1,1.0
-2.4471671957015992,1.2214408006866453,-0.2315049817516168,-2.342546513211248,0,1.0
-2.699255576245269,-0.22538880682633344,0.27279842789762393,-2.5156186421889353,0,1.0
-3.016151690883577,-2.546881783977658,0.3643694206573183,2.533374782203646,0,1.0
0.8646732548433489,-2.45994575019067,-0.2340595877610499,-0.3365961966420814,0,1.0
4.244622182722847,1.2584427972733554,-0.3939076437993893,0.13626665100494417,1,1.0
4.566512665099148,0.5964012653176418,-0.10810554754018442,-0.8635572840386798,0,1.0
-3.3554959426494353,-2.4095087539622955,-0.025955262120794353,2.862345955891385,1,1.0
1.3862060858849823,0.609838279696385,-0.2966109190015489,2.4680335646689713,1,1.0
2.8839004372242956,2.4619548471898405,-0.06392368078618027,1.6944600711717364,1,1.0
-1.952256037563521,2.266802185084866,-0.25260430912999743,0.35635117685462747,0,1.0
0.7849800743127728,-0.7715704754065946,-0.321398529600153,1.364854083304997,1,1.0
4.139479542666883,1.877135092887639,-0.21401584378556335,0.8171236338971051,1,1.0
-0.16623559042311342,1.8857585463755946,-0.2248837382076885,1.072118655541737,0,1.0
1.875674852172299,1.966349003494126,0.22219747837565024,-0.9323321516329766,1,1.0
3.626280142545343,0.44999837526712216,-0.00914986912228738,-1.0530493975848265,1,1.0
-0.0822911980929888,-0.6039463151416093,-0.24003756405795337,1.302858443265615,0,1.0
-2.48391067535309,0.49825137050070234,-0.15792586608715153,-1.3111287068883646,1,1.0
-1.3840807965997883,1.354748651609242,0.3342024682466214,-0.2676935143901633,1,1.0
-2.0263408557860805,1.263334576796984,-0.10137497086616154,-0.12811202537860744,0,1.0
1.8057623970729244,-1.6640116183121543,-0.0664581835179287,-1.5996277616981467,1,1.0
-2.32196457653002,-0.2679495107707641,-0.12321006068999496,-1.821058964730638,0,1.0
-2.7030147709096233,1.9896343888981392,0.10462781311760255,-1.5163320024753153,0,1.0
1.2022479506515396,0.318097186632913,0.08682712843656454,0.33315896191354444,0,1.0
4.703879858592514,-2.708531918269896,0.3384516583656116,1.3616294176037727,1,1.0
-4.065605327231887,-2.376823926568042,-0.3729358739589162,-1.0995935977258593,1,1.0
-4.101601653855413,1.7385687717186666,-0.12435204570505026,2.9653080238233276,0,1.0
1.821453641870292,1.8804410344715397,0.13447850080287266,-0.4666551380094135,0,1.0
-2.482781962288913,1.4015693950784893,-0.3348722759301177,-1.4467294401990138,1,1.0
-3.495285445369338,1.7293087095240072,0.3858144041256652,1.5109215904199509,0,1.0
-1.4484884928905033,-1.9442764474170497,-0.2612297104923563,-1.797355030450601,1,1.0
-4.372054971676882,-2.2580109012421414,0.1637361061722991,-2.5565789174729403,0,1.0
3.8007881955210303,-0.07214102025052949,-0.40369923910466154,2.3756715436878775,0,1.0
2.883451741462707,-0.4472585454823337,0.38399499545731713,1.788982223355231,1,1.0
3.577247464065958,0.9124840243000003,-0.23937065196397744,-2.5736611169886223,0,1.0
-1.4563493884055005,1.197867913474397,0.2508726819797967,-2.897852274929094,1,1.0
-4.383393465943227,-1.0357933407823865,0.273564169497079,-0.021473575884666474,0,1.0
-2.767352098716547,1.5271348451118847,-0.10695530283565569,2.7960244971881805,0,1.0
-0.7351498684869711,-2.9505647830094706,0.07155177686171704,0.37104967937971,0,1.0
2.0045831446988265,0.685192245021709,0.24860545124391803,0.7097579929569684,0,1.0
4.255517309511412,-1.669870037252734,-0.3329329343071754,2.5593000781077038,1,1.0
-1.915128714734847,0.4861491999553409,0.3547256771914404,0.2636183958117555,0,1.0
4.090398066901007,1.6668749564340732,-0.05749236778721761,-1.5733333295785783,0,1.0
-2.191574462142811,2.979038635200922,-0.31227655420675093,-0.43620976623299557,0,1.0
-2.0348581086799737,-1.986600311611012,0.01880734525930866,1.103490801957161,1,1.0
-3.937559715409951,2.5438074188776856,-0.36450068500295174,2.805176878467879,1,1.0
0.8917653516554767,-1.5690255183560387,-0.09505443414043785,-1.4384913650229487,1,1.0
0.3698658098419081,2.697144110681335,0.3332401610084212,-1.2548222297560176,1,1.0
-0.3519997779851085,0.11356908382293529,-0.3519880026065438,-0.052143273988498606,1,1.0
-0.5725646589175533,-0.6593817367299586,-0.26942863089246116,2.0580340491177234,0,1.0
-2.244908059890333,-2.741535712005217,-0.24664913222912727,-2.362265057438857,1,1.0
-0.7246298821931383,-2.1505859596481085,-0.1075172912905547,0.37696248721619696,1,1.0
-0.6918735853726314,-2.011575696217958,0.35179458654908186,0.9553833009907269,0,1.0
-4.146441634994904,-1.7261949067795936,0.08080094009057054,-1.2479619178860455,0,1.0
-3.447019791168639,0.4151218627174966,0.28428384644009735,-1.3771755162194013,1,1.0
-3.4277424138939003,-2.71488504179941,-0.076891150500009,-1.8556977880719874,1,1.0
4.283553465909342,-2.1777210603281634,-0.34342223342518674,2.8718898560998447,1,1.0
1.5512805500316622,1.7921219737942353,0.22382698016961095,-0.5115218541310806,1,1.0
-3.287761192134245,-2.079049252632709,-0.2004467374711105,-1.9358033738486757,1,1.0
-0.6711379140681109,-2.144870025093663,-0.2282087769860382,0.9640339228030665,0,1.0
1.789704643990504,-0.4645378620999816,-0.2725789448535881,0.19031899086167048,1,1.0
0.6976561755242772,-2.009688792268178,-0.15605825191520073,0.4199760689266707,1,1.0
0.7040456027191988,-1.8840273157082297,-0.2912475630162177,-1.49906597545405,0,1.0
-0.33536216760292614,-1.0758312418384017,-0.08459250588427786,-1.682545147864275,1,1.0
1.7822166214784056,-1.085562017327547,0.06265479753863307,-0.7994727262682559,0,1.0
-2.518829992686196,-1.5955346813947382,-0.2630930652757127,-2.8196784481410258,1,1.0
0.4982363550108495,0.43934130371344793,0.29470714251056446,-0.07711053128562462,0,1.0
-1.8841756446742166,-2.795010282682245,-0.038548385554098785,-2.068382291955981,0,1.0
-0.3106095019436408,-0.06671154024425885,-0.1318140089070261,1.8092680358517281,0,1.0
-0.09250558747942339,-0.2598455610858226,-0.3471418957148188,-1.2745743178421731,0,1.0
4.321728452364728,2.482300425906775,0.16390253378134906,-0.34374175540057017,1,1.0
-1.5905544371372828,-2.3386820307205163,0.17035257970072842,-1.7162052560673255,1,1.0
1.8418164701931001,-1.1761267529410349,0.41695799885677337,-2.9796596640606845,1,1.0
-0.005035820670160618,0.3401602054376873,-0.2991251829410305,-2.1174380073486696,1,1.0
-2.6391614622223547,-1.8045176395000184,0.04473341383385865,-1.9646668555686633,0,1.0
-3.100474057148988,0.00899077447392127,-0.09079342242202382,-0.49675543024555013,0,1.0
2.297232156430333,-0.5448812664902221,0.17005185935772243,2.869219349806799,1,1.0
-4.510563870672429,-0.9123796058544427,0.026612650142886718,1.7546300643296693,1,1.0
1.9577271922121096,-0.258356857118498,0.25069906791009805,-2.0541334046450617,1,1.0
-3.485568755551023,1.2243755001628909,-0.2830028451613496,-0.5286754097712967,0,1.0
2.2913982646790103,-2.173281935253443,-0.32745093225771577,-0.6227908134957434,1,1.0
1.103288123748615,0.4900005870057109,-0.33802022686949595,0.14988126457474937,0,1.0
-4.316865037749797,-0.6593709185331167,0.12448997801732703,1.911783332384572,0,1.0
4.032902168736798,-0.8503385821556653,0.1075462701991175,-2.2671073621007247,0,1.0
4.10377647292279,-0.28390924117443905,-0.29571834834715677,0.3868287988014725,1,1.0
0.8244507111936183,-1.5795444827679683,-0.21560029552791984,0.4787467418238549,0,1.0
-1.110268543756888,-1.1269934847962793,-0.07738971973824504,0.3919190108397581,1,1.0
2.3786239232880764,0.9868437976589615,-0.05338072261369159,-0.4935079883113662,1,1.0
0.5515612282750517,-1.8997493771989422,0.01191022736835412,1.1761454541403626,0,1.0
1.4303882709355111,1.6703385611899977,0.01143406027849192,1.4131703848030872,0,1.0
0.9110624419133346,0.6343783910305336,0.3459789328234733,1.8940265101746974,1,1.0
1.1168276910643407,-2.4004241217275695,0.347027551683146,-0.03141073119902593,1,1.0
2.2582287786371014,-1.0034955502337126,-0.4141908794454577,-2.3165761475525075,1,1.0
-2.96109737446129,2.048486146907808,-0.39784060588486475,-1.5475195662026855,0,1.0
-2.427494010185531,2.2751549230465695,-0.22995036901783916,-0.22212789930702925,0,1.0
-0.5102148881029978,-2.774268188805595,-0.18915504425601537,-2.2677276658717416,1,1.0
4.170039622025569,-1.189142790233201,0.008336147178123976,-0.09551959801250742,1,1.0
-3.6866378795451604,-0.8190605528048724,-0.2216640907397227,-1.6312836871142347,1,1.0
-4.322714993279344,-2.5537060372076077,0.15543658647551922,-0.4730816694165134,1,1.0
0.826587640167463,2.746858007409654,-0.2750640412836989,2.345640385452925,0,1.0
3.1895772344928845,2.4874483284241204,-0.2992743463156655,-0.55370138864073,1,1.0
-1.7639988596408047,-1.447938597699072,-0.1287232981501621,0.3833285867930982,0,1.0
-4.435072237019787,-0.6153667487395875,-0.3735762465657704,-2.842862776782698,1,1.0
-2.3633275298740686,-0.9115422112966036,0.2076369570264998,-1.0431646040476206,0,1.0
-2.723638454194836,2.3281484371869245,0.19666445064272114,2.3609190411098577,1,1.0
-0.002256464770581168,0.0008547548038606578,0.06161608659080259,2.0905087960530686,1,1.0
-3.523812583985856,-1.0287929972732615,-0.3475031243303677,1.1226132091066132,0,1.0
1.9491959115044502,-0.4728857235597461,-0.15539444819007464,-2.060072218457663,1,1.0
0.9503985725667796,-1.6311433574787575,0.22584225117428142,1.2427188023416296,1,1.0
1.8367643580640545,-0.44781717305585644,0.21231480658840746,-0.050635238060125154,1,1.0
-2.9482908191192516,-1.892106153577812,-0.014127204498714296,-2.1001079402556595,0,1.0
0.35371150618956637,2.526044311957877,0.07169113924773002,2.8171911120680564,1,1.0
2.917544773450693,1.734504806309868,-0.1379134728750977,2.7636025478292465,1,1.0
1.9042475432884567,-2.9023807942353956,0.33032209027430953,2.399051213506943,1,1.0
-1.3690391050422335,-2.7215054817497544,-0.1399634100848462,-1.7189581907991671,1,1.0
-4.674084033500382,1.7156125705646499,0.3325570636979536,1.8269568636517395,0,1.0
-3.8458099554879865,-0.19507137660677154,-0.286144387568149,-0.12369335901709899,1,1.0
-3.507384658832441,-0.27898592907396935,0.2687868620127611,-0.18919365749309947,1,1.0
0.5679400969536115,-2.1247204204039996,0.12072538894837576,-2.747453838391426,0,1.0
4.392508711654396,1.5758186137917116,-0.09039698552265024,2.7807601222862735,1,1.0
-0.3641103803650818,1.6331840682696415,0.21715029550474302,-2.0206661358901896,1,1.0
1.5279619718022976,-1.0919133700529624,-0.14595423491589316,-2.0936893673620203,0,1.0
-4.0906836014096175,2.0214074220455416,-0.14210335624299236,-2.237003359899097,1,1.0
1.0889316275111884,1.3154820867174486,0.07250724482977267,-2.169504699499301,0,1.0
0.3100651129167007,-1.1604281378258174,-0.09007664689704026,-2.63762135870924,0,1.0
4.193160269552609,-1.5378938693075521,0.2639694418263649,0.44778275751965957,0,1.0
-2.9507330854177414,2.260368417327813,0.13834043186050154,2.8993689027191722,0,1.0
-3.378082214868833,2.499266605027402,0.17718886945913676,1.4573235083223146,1,1.0
-2.5555846950908045,0.7479797780439945,-0.07407760223170967,-1.446561028288017,0,1.0
2.9153518501883555,-2.679690086981607,0.3292099759004257,-0.363867328085119,1,1.0
-4.6038358255438405,-1.4632984368565627,-0.32409592201415066,-0.9912055249400797,1,1.0
1.644199712712851,1.2053203296874857,-0.11680647091947444,-2.5431064440774134,0,1.0
-2.560814695022799,0.2811987071285458,0.17960676185271823,0.8545486268110043,1,1.0
-1.147402799824778,0.8949194367564557,0.3470796075901574,0.260225963226854,0,1.0
4.270725791754697,-2.518154056913683,0.05745767461386714,2.465436196026319,1,1.0
1.3469581902547807,0.6207218903660152,-0.030860807104189814,0.17040222750997902,1,1.0
-4.579907366157949,-1.8749318238616073,-0.37896663072276965,2.2841904278466334,1,1.0
4.164177407543623,-2.230421424297706,-0.15805715047998126,-1.435097188747986,0,1.0
-2.631090330184983,1.2153653886132076,0.05962870110462881,0.9394810338160817,0,1.0
0.688815860020533,-0.5024352528771123,0.013562750489690745,1.9225981352144368,0,1.0
-4.468260433022809,-1.1510883535693306,-0.3484350669646229,-2.79997376766252,0,1.0
-0.4948579428234776,-2.710480317904733,0.3291193956664022,-1.7021790575623683,0,1.0
-3.2054121001344216,-0.2484842181531004,0.13925941195880315,0.8002242183711896,1,1.0
4.24191519509136,-1.9561753137358768,-0.3282670713194461,1.188842458975067,1,1.0
-0.9450834465437832,-0.5075338074258475,0.41638372656455275,-2.6965336250695326,1,1.0
1.5754438463968796,-2.687916462393649,0.18516128448078367,-1.5249022327026747,1,1.0
0.30551986836336553,2.0257785647033737,-0.11058007654721569,-1.1712006294132185,0,1.0
4.448218796261396,2.4107831759047462,-0.18872227865925617,2.4954414768706012,0,1.0
4.137454116065869,-2.5952857341966835,0.11628963775687068,2.7265507058209284,0,1.0
-0.9676115121247144,1.462216689676728,-0.08394178190257168,-2.5694585459011563,1,1.0
-4.07450872653255,-1.0900993186035406,-0.37130459453489323,1.5218336943729724,1,1.0
-4.360513400242619,2.471657834309103,-0.02611775818182477,2.4619676782663156,0,1.0
-4.781449738245979,-2.0448408291433595,0.23307372955978817,-0.7148155583585725,1,1.0
-0.2941467250056471,-1.8919261692813134,0.40957859847830186,-1.6861662135051223,0,1.0
2.983007827425781,-1.5617653784284948,0.28464330288849465,-0.7650464955379181,0,1.0
-3.5434542887312244,1.965771435520229,-0.2670559371576139,-2.3401445295589287,1,1.0
2.068676603253399,-1.1264002391103114,-0.313161515691717,0.8457601285439953,1,1.0
-2.0966075953277383,2.7663545137532317,0.06836215098275172,2.9665600956665292,0,1.0
0.14306249645466096,-1.8904553919016238,-0.2546288635479068,-0.6681731480738544,0,1.0
-2.6321246542290755,-2.6210732006311757,-0.3785334891428957,-1.186052344407667,1,1.0
-1.7856269005465024,-2.1487106330819334,-0.38150624082482953,2.000843582670904,0,1.0
-3.4602582369191106,1.4005982256984097,-0.1536349365098093,-1.1579533047054387,0,1.0
-4.626113452589706,-0.649501066795048,0.11949804528392155,-2.879322749785345,0,1.0
4.519759908189807,0.34375738200513517,-0.38293714471244034,-0.7576130841521636,1,1.0
-4.155193486839208,1.9938563820062818,-0.19173325022604915,2.606265584493423,1,1.0
-2.71854784105686,-0.8962117331150714,0.36902807441763746,0.7243357834308108,1,1.0
-1.2283921352512794,-2.7957778942679616,0.3468283514980212,-2.4890612371548286,1,1.0
0.35815590160641797,2.653054971398114,0.24555351214474647,-2.241417093754973,0,1.0
2.3687588828105985,1.9590231144445305,-0.3866281602045698,-1.4833861064548495,1,1.0
0.17630987476962012,1.4167881922334615,-0.1049474194563581,-2.726987240779768,1,1.0
-3.5802235707816403,-0.7245919314902998,0.21826129196077854,2.4006184920539866,0,1.0
-1.8545283559481254,0.7358760624815401,0.24582117152966582,1.7525310741146232,0,1.0
3.4053388536670264,2.5638901784628008,-0.11395720419591293,-2.4634699439703733,0,1.0
-1.4069074913442972,2.08001256421284,0.25926016691025483,0.5083070264903222,0,1.0
2.306871025741989,0.11809275075266124,0.11256535897436687,-1.2204317085935277,1,1.0
-0.18564006996954063,-1.9825018285694687,0.3361645259186505,-0.3320497817842436,0,1.0
1.201221767529411,2.1397627052711545,0.3394021414203234,-2.3731168395766247,1,1.0
-4.596641534082122,2.963727282911491,0.2813647290034937,2.658312693967578,1,1.0
3.5876982311293366,-2.112344231517537,-0.23819667622908886,-2.715612160520557,0,1.0
-4.620168401621703,-0.6798897970156657,-0.12140006572908618,-0.5542736035106888,1,1.0
-4.375824977866584,-0.878739842387458,0.22745770297127815,2.4788885664724356,1,1.0
-1.2021215361759268,-0.21629458311102345,-0.16143526697098798,-2.4786757793229035,1,1.0
-2.1377722743243974,0.25630527248245905,-0.38469582212969045,-2.572894931957354,0,1.0
2.9856436924875167,2.386856678758555,0.3291603277368726,1.5005504817902766,0,1.0
3.6674456751471345,0.27157842669239907,-0.3365635173329521,-1.652334365981964,0,1.0
-4.479044385000989,0.3702298338317167,0.11287313500155222,0.5602776431664935,1,1.0
2.0300052827451687,0.5453111362488912,0.3020772445973507,-0.15797307661335935,0,1.0
-0.2878369752555372,-0.8514404085144909,-0.07630101876190276,-0.020251769678054643,1,1.0
-4.401795112595608,-1.4925391928742056,-0.2987017319092358,-0.7402662758924778,1,1.0
-4.682723710597137,2.158141564320313,-0.2710168622288357,2.547082816741459,1,1.0
3.9676176680676845,-1.2589424497214112,-0.1814298973507737,-2.0661076327140373,1,1.0
1.559418489927463,0.45467052051840184,0.21918393511065443,2.8363458055002972,1,1.0
-0.8964402978243466,2.596191612204784,0.3184883415086635,1.8544182542520797,0,1.0
3.2990186974275213,1.659365231087098,0.10725241949810399,-2.8723239929395223,0,1.0
1.1958208721506605,-2.3027959679197414,0.021462121430293413,-0.37985420736827225,1,1.0
4.105512977093325,0.06551262223111509,-0.13915221561248858,1.1729708543085167,0,1.0
1.087687985130719,1.467755000155024,0.35920171267720885,0.6770647542657011,1,1.0
3.593054711393921,1.54691296862178,-0.2604138362769973,0.7913574761764277,0,1.0
3.3943441124547755,-1.5955011123333216,-0.08734945179976855,-0.3548145160820959,1,1.0
0.07590798888710726,2.9088035758399453,-0.15595039094588287,-2.5146161073128948,1,1.0
-4.649694031989365,-0.5000457145837034,-0.03757754282710413,1.336770794062387,1,1.0
3.0517401467031915,-1.0506240386770984,-0.4175116520413148,1.2681311072668553,0,1.0
-2.751851305244058,-2.898399184932516,0.2783527466315227,0.19524323320208747,1,1.0
3.2808718906522403,1.666868001417038,-0.24173757139500915,-0.21701075344518017,0,1.0
-2.139985886985312,-0.4195155452895887,-0.3727837571511772,-0.6721879987815482,1,1.0
-0.4747872129653823,1.4157334341963308,-0.2688632427649401,0.4985020882904614,1,1.0
3.619233638853191,2.7084561358213026,0.06166680059409929,0.3147901564416804,1,1.0
-3.188727491431425,-1.8432145382937224,0.14213200181864888,2.571460434811642,1,1.0
-1.026249438354386,2.8417028319292266,0.2380792281779039,-1.546034556501348,1,1.0
4.775260292673438,-2.7242805549101545,-0.35492524369385137,-0.8218121087280883,0,1.0
-3.8065574737639887,-0.16303577254396107,0.331297364541646,-1.9381982541254668,1,1.0
0.1258679246974017,-2.7094484729145707,-0.2490774003886465,-2.879547210767356,0,1.0
0.7543843345134871,1.022540385604481,0.09375503907916044,1.961697856715916,0,1.0
0.16609993025932557,-0.0006085663439514555,0.21007739253582275,2.767049668866732,0,1.0
3.8971231155878447,2.2064941546751573,0.12492088257824202,-0.4426647325277293,0,1.0
3.964288844634143,-0.43065677079439446,-0.2529617499541269,2.920059713138105,1,1.0
1.729751733915819,1.09704663550664,0.0904457041333146,0.04486508972504577,0,1.0
1.3070530371867637,0.3535301099872745,-0.14441756456712163,0.02288862521796986,0,1.0
-3.4045666100436174,-2.2400119752576257,-0.28843999719519714,-2.6707043527918017,1,1.0
-2.1303728803920516,-2.1090666771439253,0.29600398592086236,-2.5558166449223423,1,1.0
2.699243793260189,1.5515793483041689,-0.24144531905644706,-1.574977850859652,0,1.0
4.5735597651322495,-2.0822694056562305,0.25449072891668817,2.7021717105682086,0,1.0
3.56217261437991,1.184788192389414,-0.36697419460039254,-0.5320285707154015,0,1.0
4.596174526665609,-1.4242277827827414,0.3652024061779708,-2.8721946828133174,1,1.0
0.7480413237430499,-1.4923981557761778,-0.38281279831457193,-0.3849018277253706,0,1.0
0.8220061221305803,-2.569488936502906,0.3592020100771806,-0.11003544954250133,0,1.0
-4.255951453716319,-0.7677108567842126,-0.08045896618753884,1.1968619965801777,1,1.0
-0.7299716384271635,-0.8141438336285578,0.30184399538226797,0.6619169106935621,1,1.0
-2.1852760287507125,1.930612053392565,0.34629984597810143,0.149676232824425,1,1.0
2.1761834692403346,-1.6162911914973452,-0.3413609925182621,1.488205712057903,0,1.0
-2.2996543057476138,2.7738147976492824,-0.20568554933519778,-1.5379804330898024,1,1.0
0.6519914020000064,0.047919123125097496,-0.23289151960493046,-2.956192951391252,0,1.0
-0.33498204880782545,0.9532774454876147,0.2583002488309946,-0.37348433047399077,0,1.0
2.854338065468151,1.0206886935597357,0.3227669125696639,-1.6829319198835961,1,1.0
-4.172469294205373,1.5262993462058478,-0.3653679636562418,2.8651648306484088,0,1.0
0.49948828587233596,2.980373831049464,0.191053008063294,-0.004780673950142145,1,1.0
-4.360501456945851,1.1046051168206406,0.35794660906146564,-0.11361207372651894,1,1.0
0.2705891335077757,-0.4525382369463413,-0.20645951576012578,-0.8735355197149297,1,1.0
-0.1795486789350722,-0.731051155213505,0.27767353104078957,2.1134866531737266,1,1.0
4.341239028084543,2.2061088792280925,0.3424714691165918,-0.18327223046362073,1,1.0
-0.9281117703571629,-2.1583743270087536,-0.01123910303840503,2.1572697219670296,0,1.0
1.8719973121583298,1.2682402877353862,0.29308073641763815,0.964094939149216,1,1.0
0.7660061983997339,2.054388236444451,0.09020175287353255,-2.293778675264477,0,1.0
1.5847631556735058,2.054878316460446,0.3402252538208232,-1.416649910128422,1,1.0
2.549284123183993,0.9144831629093395,-0.09151988498534591,-2.1124409662268437,0,1.0
3.379985202197891,0.18680825957542435,0.4097498406139029,1.1728969387753292,1,1.0
3.8738683673173897,-0.5278748709988612,-0.20351684836348605,1.9076577371285408,1,1.0
0.4262994007028844,-1.7462915137470398,0.244828572099772,-0.9182785735263632,1,1.0
-1.674332193433488,-2.4098352397175056,0.0919987237469328,-1.059579017819708,0,1.0
-2.106694563250042,-2.138709934158725,0.37932569883092176,-1.1711893372191213,1,1.0
2.2505217598696463,2.9358368059372824,-0.0855307201846301,-1.0736457525113372,0,1.0
4.709413804987533,2.670236986405171,-0.3452231635630639,2.428406611855168,0,1.0
4.306978632096956,-0.04705963448859807,0.23844310235775584,-2.5899691152923268,1,1.0
2.4637134383538237,0.5722666833097518,-0.13148108408667725,-2.6589325783069793,0,1.0
1.148240713773422,0.5392693825121144,0.21551035866145746,2.2615649522001977,0,1.0
0.8146751321415193,0.07294044397152888,0.0749020730193235,-0.12754943192519042,0,1.0
2.148301222323199,-1.781417672959153,-0.1317319914231026,-2.1272593883815665,0,1.0
0.9578409498894374,0.8419803083060149,-0.20358093033432698,1.000811900038192,0,1.0
0.06223718343815854,-2.2902842293934897,-0.0037848407686235652,-2.192433716486862,1,1.0
0.4060165939959264,-0.37144228577832195,-0.02839489293000297,0.4163486517621493,1,1.0
2.298303133791797,1.7410124354708811,0.20942633299507923,2.434558021130149,1,1.0
-1.8082297441591253,0.4848741007126227,0.14366813872468026,2.131894885791411,1,1.0
3.9469296701315697,-2.0966897427953985,0.3416431899231151,-2.0392382893551746,0,1.0
-2.802990342542895,2.9011602707069386,-0.36489307551956207,2.0999194442050246,1,1.0
3.97454483045214,0.6127071299092575,0.3931678071407623,-0.9565174780093697,1,1.0
-3.4575875944851004,-1.2751460677695232,-0.3021735794008061,0.1898905547415244,0,1.0
-0.5873015172108449,-1.1252444668328299,-0.07841224535863256,-2.4862290092226322,1,1.0
-0.1628748967385807,2.1374951717494053,0.2838001744776059,-0.6783371747087372,1,1.0
2.360240103297917,-1.7404764379612667,0.11233197795846811,-2.8996300578548393,1,1.0
-2.283800019142686,-0.8786753721562275,-0.28705501970155345,2.397865100855805,0,1.0
-4.419559131911468,0.6910644254651079,0.19268888868830342,1.8816637232142233,0,1.0
-1.8045278376664995,0.15770547562608161,-0.12003874606582804,1.543180121936409,1,1.0
1.8428539528091807,-1.968094661824754,0.027576352108505675,-2.066581312705202,1,1.0
4.193956527221098,0.9233355105146082,-0.02042145855690458,1.1888467277736137,0,1.0
0.15616700196576438,-2.0783711932758164,0.41003923869902287,-0.3632328886927212,0,1.0
1.6260366152935921,-0.38150237321199576,0.1326431948428855,1.2492637542335032,1,1.0
3.238177223459364,2.2226531313976903,0.0490575072544977,2.012939595528233,0,1.0
-1.7545743579917592,2.6448930153852537,0.3803700510002434,-1.15752460034359,1,1.0
-3.323122378575893,2.2396932962784213,0.19855877983412956,1.1900978393428643,1,1.0
2.530049420125083,1.7604374624590156,0.3869669321447217,0.24537241223626616,0,1.0
1.703233793271366,-1.3440779212372937,0.03854603460238898,-1.474268241344891,0,1.0
-1.6878815732080352,0.38173750270643403,-0.2846864114185083,-0.840054834292085,1,1.0
3.9895876731000213,-2.9116608911856554,-0.18550202243701716,-2.8949215454162047,0,1.0
-3.8908929203414075,0.16474449009097114,-0.4175301684931378,1.2821103658329704,1,1.0
2.778904124143229,1.0856515522856043,0.3335478135446554,1.0291738534782944,0,1.0
3.4558264208302534,-2.978557972329863,-0.2462801581407404,-0.12488415204338255,0,1.0
-2.7514281503849873,-0.08390162493299336,0.3864124707897209,1.3281007822969917,1,1.0
-3.1896285995383806,-0.6732676710738477,0.15080060041557614,2.383025843341148,1,1.0
-1.03307531267611,-2.990735446792836,-0.21560975648707972,-0.3477934046115507,1,1.0
-0.8171736351631371,-0.8401935313357409,-0.2766809353320115,2.4164699306931876,0,1.0
1.1864222218225429,0.591947748595401,0.29403694968432653,-1.7835595233919914,1,1.0
4.349842127641508,-2.465275521669743,-0.11732709129783742,-0.8270089542978756,1,1.0
3.6481284746540856,2.5399290703548134,0.08115023292222717,-0.2784079334234857,1,1.0
2.4068538726677504,-0.2198786352933686,-0.0356192589999495,0.7316581885988551,0,1.0
-1.22292246050224,1.7347185291544758,0.17845848334683317,-1.9644144246332527,0,1.0
3.1527994000425075,-2.4241046835970916,0.06653287216852877,-1.9279321946311432,0,1.0
0.2501129698873017,2.2069197829155076,-0.11904302923827098,-1.7519143679649174,1,1.0
-0.3234189059990298,-2.047079848449997,-0.19156582599137176,1.5258708079232148,0,1.0
4.2785499593674166,-0.3697343256501089,-0.018537595341280466,-2.6997083392919867,0,1.0
-3.820674719312724,-1.6611398938932644,0.11177440695839874,-0.7026710955687601,0,1.0
-2.767977724560508,-0.3355497831414662,0.05153839602774479,-1.7037180613854708,1,1.0
4.136078657926196,1.941803622324601,-0.034916162007346485,2.5671399237817107,0,1.0
2.5641873912182094,0.08973749120924523,0.377488201658939,-2.621664728726877,0,1.0
-3.8765776617863583,2.961066681981575,0.23774886584929972,2.0804736709136593,1,1.0
-4.08564941609823,-1.167394939798259,-0.0031555600296505615,-0.533666389969627,0,1.0
-0.9005730632507118,1.5758367750241185,-0.39704405939629267,-0.14807273963186152,0,1.0
2.1401715522516307,0.5653701591931117,0.23154103139470378,2.2253704940051104,0,1.0
-2.7776281548882595,-1.286610342521706,-0.2482853216016808,-1.1944086926396191,0,1.0
-4.601968483091485,-1.6147170159751683,0.06521663957322998,-2.3360421031014074,1,1.0
4.625463812356677,2.4084856322886896,-0.3448098576193104,0.3521850419529722,0,1.0
-4.372245788856417,-0.08521331422983858,0.20222241267721136,-1.1771325619561583,1,1.0
-1.4198930606208946,2.843582463360705,-0.3987906631000191,-1.7954650722947954,1,1.0
-2.28211983887014,2.1315147783551254,0.4091069741539696,-0.9353592088144298,1,1.0
0.8389414947790161,1.248431938696573,-0.2439901254461545,2.124736331418517,1,1.0
1.1427438104863805,1.8615160161883306,-0.11094932737225294,0.8678148899161773,1,1.0
-2.814840301431361,0.40877241155425903,-0.11122629884562257,2.677754595984015,0,1.0
0.2326077058774203,0.23524186182480866,-0.33844227074764976,-1.919398640091741,0,1.0
1.0600063208619837,0.6037669814678996,0.03948748940240637,1.344163667465729,0,1.0
-2.546973389366967,1.9227234590596174,0.04650820312487591,-2.7100377503513933,0,1.0
-0.22760668387912464,2.9063025435810808,-0.1927552891353687,-1.275130413512657,0,1.0
4.62640213602807,0.761174013917012,-0.30592968507831314,-1.562410587464385,0,1.0
0.9482324858120599,2.3816445621947784,0.3628029876889039,-1.014683284936604,1,1.0
-3.7422343044128956,-1.6403090548646986,-0.24023281472454106,0.911497106025672,0,1.0
-4.5600464453070115,0.5126260500234121,0.20372505074781005,-2.516026094032397,0,1.0
-0.6189199612821445,-0.15681880709397955,0.05935144166283346,-0.19605127255266597,1,1.0
-2.0155424324650424,1.0008369106631978,0.11137152326416483,1.7388650519610032,1,1.0
-3.7483482265387678,-0.06806017306057344,-0.023672616341182007,-2.119391792852726,0,1.0
-1.3476683392474613,0.14973149483882953,0.314194641292255,-2.1552583137260193,1,1.0
3.101260720715591,2.3643863638582854,-0.22207652296888467,-0.2845792381192842,0,1.0
-3.665778317735689,2.5884545601157285,0.02543416539094917,2.803401677419582,1,1.0
-0.7768833041297212,-1.4798558863888702,0.38898049920028516,0.9516354108691729,0,1.0
1.6903596905458596,1.300131287254393,-0.015763685518280557,2.5757386019116435,1,1.0
-1.1547171414158184,-2.88648162224999,-0.02263850689136565,-2.312630149874514,0,1.0
3.7521318088884543,1.5637707260424571,-0.24933165793680293,-1.0838581582639193,0,1.0
4.288164223696508,0.09065416570498375,-0.21219478338162542,-2.389061186776225,0,1.0
1.9310343038725728,2.7468087266846233,0.4125400784746405,-0.7512749754859245,1,1.0
4.515363572394382,-1.6443376633732996,-0.25954136109002485,1.7592133704633666,1,1.0
-0.8770362143518882,2.510629775579984,0.35467683242185316,-1.5650363126609823,0,1.0
-0.6478407109994047,-0.06238221686936196,-0.1419175951055498,2.2068321527176646,0,1.0
-3.4187526685365377,-0.28906039600016653,-0.040069746238361736,-0.6327463710999153,1,1.0
2.839507370674956,-1.735857027660625,-0.4014322748897375,0.15405482529538084,0,1.0
-2.4717163970873224,-1.8931408963841139,0.37787985882914416,-1.7669103899824257,0,1.0
2.3923838515107416,-2.4127322024577285,0.29272944340133894,2.191796310593089,1,1.0
0.9162707030797383,0.28551866604209586,-0.14186121364319992,-0.6488563030451253,1,1.0
-0.15378414880499935,1.8122638176335606,0.14894248808756877,2.013659489987563,1,1.0
3.337146732600682,-2.6322683421238553,-0.06361684539554624,2.9221578692611656,0,1.0
0.44522046719303443,-2.708136532925236,-0.16737964565664143,2.15626226700323,1,1.0
3.1943573745827836,-1.0529220164997093,-0.3692142798713336,-0.9170995752006212,0,1.0
-1.579299050175381,-2.443101881590243,-0.38451044681627794,0.766320222926383,0,1.0
-4.50262614380328,-1.736899469912907,-0.37387583150615833,0.4380752432475643,1,1.0
-0.722931359548836,-2.4930626945254963,-0.17082735057124035,-2.32746394784494,1,1.0
3.2792753565488573,0.3986055555861139,-0.248814857615924,0.6398223695821628,0,1.0
-0.4101531139217425,0.07058473820267297,0.23030371379279696,-1.843204200263424,0,1.0
0.6782579620007185,0.002955719610061358,0.2017643182552447,2.6136687044390436,1,1.0
0.9231184927319083,1.7423453781764593,-0.08897069808449459,-2.797112370589722,0,1.0
-2.0984868642697516,-0.08555122291766448,0.15681023236484276,-1.824002574610669,0,1.0
-0.6665042580770812,-0.9727357439655959,-0.15667230381573544,-1.5967408883364413,0,1.0
2.3326697133360392,2.2202177326324515,-0.3804663599783925,1.7310994980420498,1,1.0
-1.5794485823041264,-0.13167535538569197,-0.2413709206740536,-1.3157898024756887,0,1.0
-3.421531935980104,0.7812680695403089,-0.01301430182089175,-0.7424049352957476,1,1.0
-2.815447088925543,0.47222475539435305,0.01881417829812554,-1.211872699533782,0,1.0
-2.1480316250330795,2.4299560809400136,0.3202674532358996,-1.8530393544426218,1,1.0
0.6908259238976164,2.141773434365448,-0.06895350963466762,-2.0096435039875256,0,1.0
0.5550189642872212,2.6471221239139116,0.0529643058785228,-2.45906371918086,0,1.0
-3.098232654185839,2.2988482310212763,0.03152704468578765,-0.02346692929244165,0,1.0
-2.6993237908801673,1.8515773746243704,0.1392908702982672,0.1332184588805383,0,1.0
0.6602734047208285,-2.0481074531336065,-0.3737113851074105,1.051320681380174,0,1.0
0.5723225249965314,2.486845406018647,-0.05020602489929621,2.148892382883626,1,1.0
-4.273530539981183,1.2857830163422328,0.269416865598946,-1.2486149911818276,1,1.0
-2.2490973459993677,-2.4024491000275336,0.0030400577601643053,-2.613176146871301,0,1.0
0.05241582614317153,-2.6064220794892012,0.20465831113115146,2.690204085666421,0,1.0
3.6042024692061583,-0.8787043904352978,-0.26828911244707143,-1.1819988844847675,0,1.0
4.480560555379346,1.2932108781651026,0.29750057012360426,-0.7593754426440062,1,1.0
-1.6137121691203058,1.0674303122627942,0.007793273728327277,-1.8360354755472688,0,1.0
-1.4093682148394442,-1.042011719195017,0.20447936956556506,-2.8075060277523463,0,1.0
1.791211390249174,-1.3554048353169468,-0.2875515287217484,-2.1345279817307548,0,1.0
2.0112783317097227,1.182580049392036,-0.10984084124720594,-2.9685037217314436,1,1.0
2.433907245448454,-2.254667418037963,0.2653587170823743,0.9183296633959701,0,1.0
2.739862420975732,1.16649947944307,0.2734400963289773,1.7102329586410026,0,1.0
4.204278741608316,-0.6384436398233575,-0.3883626845261934,0.3743714866760781,1,1.0
0.41547742335043125,-1.471211837452628,-0.23829567482279673,-2.2608962888679964,0,1.0
2.7840011935450244,2.45551315669206,0.25313763317329924,-2.8000809004837963,1,1.0
-3.9266119651092346,0.15591679877689302,0.01816698104002845,1.0752027158296364,1,1.0
-1.7428501993480259,-2.1761826045213004,0.10968035512438751,0.5203016186748428,0,1.0
4.437060955201475,-2.9351020969376314,-0.3996650858172729,-0.8862360050654488,1,1.0
3.164593333681779,0.04679142961285532,0.39886853418110996,-1.431286601487169,0,1.0
3.3579997723942574,-1.7100843840062188,-0.09364872623595416,1.11887972988424,0,1.0
-3.2855827719730026,-1.6808417153159263,-0.034762511363817916,-1.5912451981303404,0,1.0
-1.0141158889450108,-1.6718853052006364,-0.08522299782897041,-0.7654313368134718,1,1.0
3.710094911108544,-1.5386885324225268,-0.02896566399722078,-2.054174285136026,0,1.0
3.6424475634371776,2.8295316577269762,0.3406266270931591,0.5751140524410259,0,1.0
3.2760750367754374,-0.27877646525360333,0.026466503241760753,0.07491801920864383,1,1.0
-0.498981777905362,-2.080175904295321,0.048052698220375945,-0.7297609636619287,1,1.0
-4.632044740228521,0.5088590575804703,-0.19515208447106944,-1.0206743845858177,1,1.0
4.09376666054592,-2.602183911865715,0.3541547462658244,0.43239617666869634,1,1.0
3.8073538177515074,-0.03589984166714988,0.19482155989785882,-1.8473969128532761,0,1.0
0.4331072924406367,2.5190851962835534,0.27545889115454075,0.8468644482903516,0,1.0
1.7485559163928244,2.7142610122558066,-0.23066545326574633,2.2679850418546206,0,1.0
-1.036970811704677,-1.7257257315268257,0.24252465412567986,-0.9138311475231768,0,1.0
4.430302070232174,1.8450598398607987,0.3029312805262349,-1.1852174384132355,0,1.0
0.45011775376025653,-2.6649844008801264,0.020514652319493232,-2.8731897770979256,0,1.0
2.370989852120352,1.114402362755916,-0.21815966055496844,2.0425711769386172,0,1.0
4.216894909728915,2.3548509174715173,0.12418199836686045,-1.578795382160749,0,1.0
2.139299719147382,-0.7155418629443928,-0.03888792033829502,-2.2594666906551026,0,1.0
-3.5229714687003333,-1.014906561471092,-0.0009877077547835178,-2.2994268442676407,1,1.0
4.521942621973717,1.024598941449936,-0.2563920458075999,-0.32339508470170486,0,1.0
-4.707045159961854,-2.9696106681642362,0.35580336839179644,-2.571605148046064,0,1.0
2.097933018725211,2.4435769858563425,-0.06342513963714724,-2.941371911620704,0,1.0
-3.3498686860350655,2.048407848492019,0.3421943238854747,-0.5790330159894825,1,1.0
-0.7390967202133405,-1.6670519516821252,-0.09935782761118434,0.879834480446025,0,1.0
3.8861385940252857,-2.041231535466929,0.1308929214482924,1.3926697983451204,1,1.0
-2.154583938541462,0.4642716450080697,-0.3223747558893474,-1.5166981468336211,0,1.0
1.3106307805512696,0.05449797129164313,-0.02479677833016869,2.231136307455948,0,1.0
-0.9207077421018566,-1.602131549972558,-0.37122274319193355,2.3910433392823345,1,1.0
1.3012449618044055,-0.6847202407997721,0.012039534873852953,1.5092708692866825,0,1.0
3.8837987061734234,-2.476964487659269,-0.14544873329254837,1.2219514362472692,1,1.0
-0.9595395898365462,0.6363798715569122,-0.13102754865084731,-1.4375849706620967,0,1.0
-1.8719756926974318,-0.45928254302888805,0.2531876501762191,-0.05106448125050722,1,1.0
-0.576958949468132,1.8330866994148485,0.20586281910851484,-1.3768224931827153,0,1.0
0.3225919883589716,1.6650561338149297,0.37129863286517767,-0.2686382853793279,0,1.0
3.4888921160366815,2.5678618867423193,0.3200663722602149,0.9136406112344986,1,1.0
-1.04562478616772,2.381358723954005,-0.023169860663102615,-1.186190097464549,1,1.0
2.2749578310256933,0.6181040008956238,0.33191433908784357,1.909596493844976,0,1.0
-3.9250289070750224,-2.0434876174595367,-0.3891317990980082,0.041321044091936265,1,1.0
2.5044539559141734,1.4884219755257666,0.10383317095876371,0.801500856343834,1,1.0
-0.6955001342403166,-0.5845305469274664,0.13717587741291187,0.7036438418225197,1,1.0
-4.543531161405393,0.4026007339321005,0.16901892782390254,-1.672553413395275,0,1.0
-3.3697115272402245,-1.5666457316046605,-0.38051557386763535,-0.9605111763045935,1,1.0
-1.8805100408770152,-2.6158597286728105,-0.2910465353038742,-1.0429203407419625,0,1.0
0.5785140000785125,-0.6134168782075609,-0.2879109529686752,-1.5895547624406663,0,1.0
3.2292945438272342,0.6203080359518203,0.3521547468308123,-0.48729637547376825,1,1.0
-3.9157321898709863,-2.1196649117683775,-0.048302914699172084,-1.195795807361753,0,1.0
3.1907322219454635,0.5925436598838076,0.005075736121088137,-1.5845798615938333,1,1.0
-3.2187930802309186,-0.6868161474186065,-0.17772383438029105,-2.036077555028281,0,1.0
-1.0865275049295318,-0.8609112672769434,-0.18432497797412997,2.714183511245036,1,1.0
-2.7322056311321803,2.161988491881665,0.3880385842892173,1.5833223075709384,1,1.0
-4.433182248153831,-2.5521371989308292,0.04911656563803235,-2.1532317617798133,1,1.0
-1.4948292523808449,1.7610700996959743,0.3303438581119687,-0.5455432996485561,0,1.0
0.4341077399356701,0.6925248609033048,0.26756161034505216,0.021751470347535218,1,1.0
-2.8637219579417055,-1.4734886197206973,0.0348371898411764,-2.435407785444834,0,1.0
-2.6669090965597113,-0.6679739546809449,-0.08056072370645856,-1.5086427006721166,1,1.0
-4.500661414207547,2.900031624280314,-0.2764227932785621,-2.9256681906639246,1,1.0
-4.6208093503325065,-1.2914467988571905,-0.12314357927762998,-1.9948690486454541,0,1.0
-1.0510913560933348,-0.5045252528738349,-0.29229730943269483,-0.13118102058880865,1,1.0
-0.2896070869112375,-0.16757659318676676,0.12584394476793465,-1.5417842916738236,0,1.0
-2.8050439463091017,-2.8595820006361716,-0.05326328701068811,2.77405621674517,0,1.0
-1.1000973633015922,-1.991237546524987,0.1630672560437339,-1.2809072532826007,0,1.0
1.2849519764020192,0.5142572330133754,0.05317526714191484,-1.8241849938861214,1,1.0
-3.4012433384666556,-0.10116895592155695,0.1630230771066396,1.5536158615196873,1,1.0
0.8987870034264294,-1.4421442697894806,0.28775049375787226,0.5334048779384677,1,1.0
3.118826994504686,1.4161728609188131,-0.25024852015930554,1.5638869339318617,0,1.0
-4.228637616605177,0.9932435705315639,0.10386404481270678,0.5965320233266231,0,1.0
-4.080904206422937,-1.0321363041961582,-0.07786585965104226,2.6170418855349915,0,1.0
-1.7108200227112147,-0.29764538535781426,-0.22388457621204524,-2.7055701463746447,1,1.0
0.19266196210366093,-1.6261333024052103,0.20576249937170527,0.028089282977012076,1,1.0
2.753921477480132,0.49252732939995214,-0.12711270401567581,-1.016073782575849,0,1.0
-3.7977933909131742,-1.8038719326762214,-0.10793575576219516,1.8635867491257319,1,1.0
-2.6102852446332574,-2.1982878215574067,0.06241977851676228,0.474423655424987,0,1.0
0.5943987181021635,-2.1585713961457484,-0.2512661167150584,-2.734185365438017,0,1.0
0.835624769299872,0.07818489842111731,-0.24543747408201283,2.817951192332922,1,1.0
-3.8725299813900325,1.791096243717206,-0.3256843875558415,-0.6547286523240632,1,1.0
1.254852682774124,-0.7884819289885989,-0.14723762678285462,-2.212369908120231,0,1.0
-4.541022798734934,2.117635981639924,0.31378483246405336,-2.530309587985167,1,1.0
3.1233309632172457,1.8624871741617035,-0.2409608307638615,0.11330367448787948,1,1.0
0.14039670205939458,-2.8290670663097615,0.07180402086880466,2.7783860765940513,0,1.0
1.2181117119542266,-0.8701892183782505,0.061225676349099756,0.8572155695028973,1,1.0
3.895127166486179,-2.551618813727586,0.19014140292945664,-0.3918648479023643,1,1.0
-2.242081489484811,0.6539732018334989,0.18224114418667564,2.5633293800003836,0,1.0
-0.46707939846290536,-2.1651027919891934,0.1321836546318526,-1.3276437356130641,1,1.0
2.4016640531350655,-0.24327356525833155,0.2447650714679897,2.7837663945102697,0,1.0
-3.4937340828783583,0.7301632999542873,0.007487943942951547,-1.7603965503666144,1,1.0
0.1982510267515103,-0.9529039113509561,-0.1233590717882539,1.9148627099805253,1,1.0
-0.8695828320382257,1.0884187410864028,0.3525424487377961,2.504039162844551,1,1.0
-2.5848479454887543,-2.8991143886203776,-0.15120479235751783,2.166732242117461,1,1.0
